SRC,DEST,seq,hops,time,rcvs,received
/10.0.0.1,/10.0.0.25,1,8,433,1,1
/10.0.0.1,/10.0.0.25,1,8,509,2,1
/10.0.0.1,/10.0.0.25,2,8,318,1,2
/10.0.0.1,/10.0.0.25,2,8,389,2,2
/10.0.0.1,/10.0.0.25,3,8,318,1,3
/10.0.0.1,/10.0.0.25,3,8,388,2,3
/10.0.0.1,/10.0.0.25,4,8,300,1,4
/10.0.0.1,/10.0.0.25,4,8,375,2,4
/10.0.0.1,/10.0.0.25,5,8,290,1,5
/10.0.0.1,/10.0.0.25,5,8,360,2,5
/10.0.0.1,/10.0.0.25,6,8,322,1,6
/10.0.0.1,/10.0.0.25,6,8,391,2,6
/10.0.0.1,/10.0.0.25,7,8,312,1,7
/10.0.0.1,/10.0.0.25,7,8,387,2,7
/10.0.0.1,/10.0.0.25,8,8,310,1,8
/10.0.0.1,/10.0.0.25,8,8,380,2,8
/10.0.0.1,/10.0.0.25,9,8,339,1,9
/10.0.0.1,/10.0.0.25,9,8,410,2,9
/10.0.0.1,/10.0.0.25,10,8,285,1,10
/10.0.0.1,/10.0.0.25,10,8,354,2,10
/10.0.0.1,/10.0.0.25,11,8,317,1,11
/10.0.0.1,/10.0.0.25,11,8,386,2,11
/10.0.0.1,/10.0.0.25,12,8,305,1,12
/10.0.0.1,/10.0.0.25,12,8,373,2,12
/10.0.0.1,/10.0.0.25,13,8,289,1,13
/10.0.0.1,/10.0.0.25,13,8,360,2,13
/10.0.0.1,/10.0.0.25,14,8,278,1,14
/10.0.0.1,/10.0.0.25,14,8,352,2,14
/10.0.0.1,/10.0.0.25,15,8,278,1,15
/10.0.0.1,/10.0.0.25,15,8,358,2,15
/10.0.0.1,/10.0.0.25,16,8,289,1,16
/10.0.0.1,/10.0.0.25,16,8,372,2,16
/10.0.0.1,/10.0.0.25,17,8,280,1,17
/10.0.0.1,/10.0.0.25,17,8,357,2,17
/10.0.0.1,/10.0.0.25,18,8,300,1,18
/10.0.0.1,/10.0.0.25,18,8,375,2,18
/10.0.0.1,/10.0.0.25,19,8,296,1,19
/10.0.0.1,/10.0.0.25,19,8,363,2,19
/10.0.0.1,/10.0.0.25,20,8,300,1,20
/10.0.0.1,/10.0.0.25,20,8,366,2,20
/10.0.0.1,/10.0.0.25,21,8,303,1,21
/10.0.0.1,/10.0.0.25,21,8,370,2,21
/10.0.0.1,/10.0.0.25,22,8,311,1,22
/10.0.0.1,/10.0.0.25,22,8,379,2,22
/10.0.0.1,/10.0.0.25,23,8,287,1,23
/10.0.0.1,/10.0.0.25,23,8,354,2,23
/10.0.0.1,/10.0.0.25,24,8,295,1,24
/10.0.0.1,/10.0.0.25,24,8,362,2,24
/10.0.0.1,/10.0.0.25,25,8,282,1,25
/10.0.0.1,/10.0.0.25,25,8,348,2,25
/10.0.0.1,/10.0.0.25,26,8,283,1,26
/10.0.0.1,/10.0.0.25,26,8,350,2,26
/10.0.0.1,/10.0.0.25,27,8,288,1,27
/10.0.0.1,/10.0.0.25,27,8,358,2,27
/10.0.0.1,/10.0.0.25,28,8,286,1,28
/10.0.0.1,/10.0.0.25,28,8,352,2,28
/10.0.0.1,/10.0.0.25,29,8,278,1,29
/10.0.0.1,/10.0.0.25,29,8,344,2,29
/10.0.0.1,/10.0.0.25,30,8,273,1,30
/10.0.0.1,/10.0.0.25,31,8,287,1,31
/10.0.0.1,/10.0.0.25,31,8,352,2,31
/10.0.0.1,/10.0.0.25,32,8,286,1,32
/10.0.0.1,/10.0.0.25,32,8,352,2,32
/10.0.0.1,/10.0.0.25,33,8,277,1,33
/10.0.0.1,/10.0.0.25,33,8,345,2,33
/10.0.0.1,/10.0.0.25,34,8,302,1,34
/10.0.0.1,/10.0.0.25,34,8,372,2,34
/10.0.0.1,/10.0.0.25,35,8,307,1,35
/10.0.0.1,/10.0.0.25,35,8,374,2,35
/10.0.0.1,/10.0.0.25,36,8,295,1,36
/10.0.0.1,/10.0.0.25,36,8,362,2,36
/10.0.0.1,/10.0.0.25,37,8,336,1,37
/10.0.0.1,/10.0.0.25,37,8,418,2,37
/10.0.0.1,/10.0.0.25,38,8,306,1,38
/10.0.0.1,/10.0.0.25,38,8,376,2,38
/10.0.0.1,/10.0.0.25,39,8,301,1,39
/10.0.0.1,/10.0.0.25,39,8,370,2,39
/10.0.0.1,/10.0.0.25,40,8,274,1,40
/10.0.0.1,/10.0.0.25,40,8,341,2,40
/10.0.0.1,/10.0.0.25,41,8,264,1,41
/10.0.0.1,/10.0.0.25,41,8,330,2,41
/10.0.0.1,/10.0.0.25,42,8,267,1,42
/10.0.0.1,/10.0.0.25,42,8,335,2,42
/10.0.0.1,/10.0.0.25,43,8,300,1,43
/10.0.0.1,/10.0.0.25,43,8,366,2,43
/10.0.0.1,/10.0.0.25,44,8,270,1,44
/10.0.0.1,/10.0.0.25,44,8,339,2,44
/10.0.0.1,/10.0.0.25,45,8,282,1,45
/10.0.0.1,/10.0.0.25,45,8,356,2,45
/10.0.0.1,/10.0.0.25,46,8,269,1,46
/10.0.0.1,/10.0.0.25,46,8,335,2,46
/10.0.0.1,/10.0.0.25,47,8,286,1,47
/10.0.0.1,/10.0.0.25,47,8,363,2,47
/10.0.0.1,/10.0.0.25,48,8,261,1,48
/10.0.0.1,/10.0.0.25,48,8,333,2,48
/10.0.0.1,/10.0.0.25,49,8,257,1,49
/10.0.0.1,/10.0.0.25,49,8,350,2,49
/10.0.0.1,/10.0.0.25,50,8,263,1,50
/10.0.0.1,/10.0.0.25,50,8,328,2,50
/10.0.0.1,/10.0.0.25,51,8,271,1,51
/10.0.0.1,/10.0.0.25,51,8,338,2,51
/10.0.0.1,/10.0.0.25,52,8,270,1,52
/10.0.0.1,/10.0.0.25,52,8,342,2,52
/10.0.0.1,/10.0.0.25,53,8,279,1,53
/10.0.0.1,/10.0.0.25,53,8,347,2,53
/10.0.0.1,/10.0.0.25,54,8,304,1,54
/10.0.0.1,/10.0.0.25,54,8,370,2,54
/10.0.0.1,/10.0.0.25,55,8,272,1,55
/10.0.0.1,/10.0.0.25,56,8,293,1,56
/10.0.0.1,/10.0.0.25,56,8,360,2,56
/10.0.0.1,/10.0.0.25,57,8,269,1,57
/10.0.0.1,/10.0.0.25,57,8,335,2,57
/10.0.0.1,/10.0.0.25,58,8,263,1,58
/10.0.0.1,/10.0.0.25,58,8,329,2,58
/10.0.0.1,/10.0.0.25,59,8,268,1,59
/10.0.0.1,/10.0.0.25,59,8,342,2,59
/10.0.0.1,/10.0.0.25,60,8,268,1,60
/10.0.0.1,/10.0.0.25,60,8,335,2,60
/10.0.0.1,/10.0.0.25,61,8,262,1,61
/10.0.0.1,/10.0.0.25,61,8,340,2,61
/10.0.0.1,/10.0.0.25,62,8,254,1,62
/10.0.0.1,/10.0.0.25,62,8,337,2,62
/10.0.0.1,/10.0.0.25,63,8,264,1,63
/10.0.0.1,/10.0.0.25,63,8,329,2,63
/10.0.0.1,/10.0.0.25,64,8,291,1,64
/10.0.0.1,/10.0.0.25,64,8,358,2,64
/10.0.0.1,/10.0.0.25,65,8,280,1,65
/10.0.0.1,/10.0.0.25,65,8,349,2,65
/10.0.0.1,/10.0.0.25,66,8,292,1,66
/10.0.0.1,/10.0.0.25,66,8,361,2,66
/10.0.0.1,/10.0.0.25,67,8,301,1,67
/10.0.0.1,/10.0.0.25,67,8,368,2,67
/10.0.0.1,/10.0.0.25,68,8,263,1,68
/10.0.0.1,/10.0.0.25,68,8,332,2,68
/10.0.0.1,/10.0.0.25,69,8,305,1,69
/10.0.0.1,/10.0.0.25,69,8,373,2,69
/10.0.0.1,/10.0.0.25,70,8,311,1,70
/10.0.0.1,/10.0.0.25,70,8,379,2,70
/10.0.0.1,/10.0.0.25,71,8,302,1,71
/10.0.0.1,/10.0.0.25,71,8,370,2,71
/10.0.0.1,/10.0.0.25,72,8,270,1,72
/10.0.0.1,/10.0.0.25,72,8,339,2,72
/10.0.0.1,/10.0.0.25,73,8,281,1,73
/10.0.0.1,/10.0.0.25,73,8,348,2,73
/10.0.0.1,/10.0.0.25,74,8,295,1,74
/10.0.0.1,/10.0.0.25,74,8,360,2,74
/10.0.0.1,/10.0.0.25,75,8,272,1,75
/10.0.0.1,/10.0.0.25,75,8,339,2,75
/10.0.0.1,/10.0.0.25,76,8,278,1,76
/10.0.0.1,/10.0.0.25,76,8,352,2,76
/10.0.0.1,/10.0.0.25,77,8,263,1,77
/10.0.0.1,/10.0.0.25,77,8,331,2,77
/10.0.0.1,/10.0.0.25,78,8,277,1,78
/10.0.0.1,/10.0.0.25,78,8,352,2,78
/10.0.0.1,/10.0.0.25,79,8,275,1,79
/10.0.0.1,/10.0.0.25,79,8,343,2,79
/10.0.0.1,/10.0.0.25,80,8,278,1,80
/10.0.0.1,/10.0.0.25,80,8,348,2,80
/10.0.0.1,/10.0.0.25,81,8,293,1,81
/10.0.0.1,/10.0.0.25,81,8,359,2,81
/10.0.0.1,/10.0.0.25,82,8,259,1,82
/10.0.0.1,/10.0.0.25,82,8,326,2,82
/10.0.0.1,/10.0.0.25,83,8,289,1,83
/10.0.0.1,/10.0.0.25,83,8,356,2,83
/10.0.0.1,/10.0.0.25,84,8,280,1,84
/10.0.0.1,/10.0.0.25,84,8,348,2,84
/10.0.0.1,/10.0.0.25,85,8,262,1,85
/10.0.0.1,/10.0.0.25,85,8,330,2,85
/10.0.0.1,/10.0.0.25,86,8,286,1,86
/10.0.0.1,/10.0.0.25,86,8,355,2,86
/10.0.0.1,/10.0.0.25,87,8,283,1,87
/10.0.0.1,/10.0.0.25,87,8,349,2,87
/10.0.0.1,/10.0.0.25,88,8,286,1,88
/10.0.0.1,/10.0.0.25,88,8,354,2,88
/10.0.0.1,/10.0.0.25,89,8,304,1,89
/10.0.0.1,/10.0.0.25,89,8,370,2,89
/10.0.0.1,/10.0.0.25,90,8,262,1,90
/10.0.0.1,/10.0.0.25,90,8,332,2,90
/10.0.0.1,/10.0.0.25,91,8,271,1,91
/10.0.0.1,/10.0.0.25,91,8,337,2,91
/10.0.0.1,/10.0.0.25,92,8,267,1,92
/10.0.0.1,/10.0.0.25,92,8,345,2,92
/10.0.0.1,/10.0.0.25,93,8,260,1,93
/10.0.0.1,/10.0.0.25,93,8,331,2,93
/10.0.0.1,/10.0.0.25,94,8,259,1,94
/10.0.0.1,/10.0.0.25,94,8,341,2,94
/10.0.0.1,/10.0.0.25,95,8,348,1,95
/10.0.0.1,/10.0.0.25,96,8,300,1,96
/10.0.0.1,/10.0.0.25,96,8,366,2,96
/10.0.0.1,/10.0.0.25,97,8,269,1,97
/10.0.0.1,/10.0.0.25,97,8,337,2,97
/10.0.0.1,/10.0.0.25,98,8,302,1,98
/10.0.0.1,/10.0.0.25,98,8,370,2,98
/10.0.0.1,/10.0.0.25,99,8,281,1,99
/10.0.0.1,/10.0.0.25,99,8,346,2,99
/10.0.0.1,/10.0.0.25,100,8,275,1,100
/10.0.0.1,/10.0.0.25,101,8,262,1,101
/10.0.0.1,/10.0.0.25,101,8,329,2,101
/10.0.0.1,/10.0.0.25,102,8,270,1,102
/10.0.0.1,/10.0.0.25,102,8,336,2,102
/10.0.0.1,/10.0.0.25,103,8,299,1,103
/10.0.0.1,/10.0.0.25,103,8,366,2,103
/10.0.0.1,/10.0.0.25,104,8,269,1,104
/10.0.0.1,/10.0.0.25,104,8,335,2,104
/10.0.0.1,/10.0.0.25,105,8,266,1,105
/10.0.0.1,/10.0.0.25,105,8,332,2,105
/10.0.0.1,/10.0.0.25,106,8,267,1,106
/10.0.0.1,/10.0.0.25,106,8,333,2,106
/10.0.0.1,/10.0.0.25,107,8,276,1,107
/10.0.0.1,/10.0.0.25,107,8,342,2,107
/10.0.0.1,/10.0.0.25,108,8,258,1,108
/10.0.0.1,/10.0.0.25,108,8,336,2,108
/10.0.0.1,/10.0.0.25,109,8,267,1,109
/10.0.0.1,/10.0.0.25,109,8,332,2,109
/10.0.0.1,/10.0.0.25,110,8,266,1,110
/10.0.0.1,/10.0.0.25,110,8,331,2,110
/10.0.0.1,/10.0.0.25,111,8,390,1,111
/10.0.0.1,/10.0.0.25,111,8,456,2,111
/10.0.0.1,/10.0.0.25,112,8,293,1,112
/10.0.0.1,/10.0.0.25,112,8,359,2,112
/10.0.0.1,/10.0.0.25,113,8,282,1,113
/10.0.0.1,/10.0.0.25,113,8,350,2,113
/10.0.0.1,/10.0.0.25,114,8,292,1,114
/10.0.0.1,/10.0.0.25,114,8,360,2,114
/10.0.0.1,/10.0.0.25,115,8,304,1,115
/10.0.0.1,/10.0.0.25,116,8,296,1,116
/10.0.0.1,/10.0.0.25,116,8,363,2,116
/10.0.0.1,/10.0.0.25,117,8,271,1,117
/10.0.0.1,/10.0.0.25,117,8,337,2,117
/10.0.0.1,/10.0.0.25,118,8,309,1,118
/10.0.0.1,/10.0.0.25,118,8,376,2,118
/10.0.0.1,/10.0.0.25,119,8,263,1,119
/10.0.0.1,/10.0.0.25,119,8,329,2,119
/10.0.0.1,/10.0.0.25,120,8,262,1,120
/10.0.0.1,/10.0.0.25,120,8,329,2,120
/10.0.0.1,/10.0.0.25,121,8,274,1,121
/10.0.0.1,/10.0.0.25,121,8,340,2,121
/10.0.0.1,/10.0.0.25,122,8,264,1,122
/10.0.0.1,/10.0.0.25,122,8,345,2,122
/10.0.0.1,/10.0.0.25,123,8,277,1,123
/10.0.0.1,/10.0.0.25,123,8,345,2,123
/10.0.0.1,/10.0.0.25,124,8,264,1,124
/10.0.0.1,/10.0.0.25,124,8,335,2,124
/10.0.0.1,/10.0.0.25,125,8,273,1,125
/10.0.0.1,/10.0.0.25,125,8,344,2,125
/10.0.0.1,/10.0.0.25,126,8,276,1,126
/10.0.0.1,/10.0.0.25,126,8,341,2,126
/10.0.0.1,/10.0.0.25,127,8,292,1,127
/10.0.0.1,/10.0.0.25,127,8,366,2,127
/10.0.0.1,/10.0.0.25,128,8,294,1,128
/10.0.0.1,/10.0.0.25,128,8,367,2,128
/10.0.0.1,/10.0.0.25,129,8,270,1,129
/10.0.0.1,/10.0.0.25,129,8,342,2,129
/10.0.0.1,/10.0.0.25,130,8,286,1,130
/10.0.0.1,/10.0.0.25,130,8,351,2,130
/10.0.0.1,/10.0.0.25,131,8,268,1,131
/10.0.0.1,/10.0.0.25,131,8,336,2,131
/10.0.0.1,/10.0.0.25,132,8,265,1,132
/10.0.0.1,/10.0.0.25,132,8,334,2,132
/10.0.0.1,/10.0.0.25,133,8,275,1,133
/10.0.0.1,/10.0.0.25,133,8,353,2,133
/10.0.0.1,/10.0.0.25,134,8,274,1,134
/10.0.0.1,/10.0.0.25,134,8,348,2,134
/10.0.0.1,/10.0.0.25,135,8,298,1,135
/10.0.0.1,/10.0.0.25,135,8,364,2,135
/10.0.0.1,/10.0.0.25,136,8,257,1,136
/10.0.0.1,/10.0.0.25,136,8,332,2,136
/10.0.0.1,/10.0.0.25,137,8,276,1,137
/10.0.0.1,/10.0.0.25,137,8,342,2,137
/10.0.0.1,/10.0.0.25,138,8,285,1,138
/10.0.0.1,/10.0.0.25,138,8,354,2,138
/10.0.0.1,/10.0.0.25,139,8,333,1,139
/10.0.0.1,/10.0.0.25,139,8,399,2,139
/10.0.0.1,/10.0.0.25,140,8,265,1,140
/10.0.0.1,/10.0.0.25,140,8,339,2,140
/10.0.0.1,/10.0.0.25,141,8,264,1,141
/10.0.0.1,/10.0.0.25,141,8,340,2,141
/10.0.0.1,/10.0.0.25,142,8,277,1,142
/10.0.0.1,/10.0.0.25,142,8,351,2,142
/10.0.0.1,/10.0.0.25,143,8,272,1,143
/10.0.0.1,/10.0.0.25,143,8,340,2,143
/10.0.0.1,/10.0.0.25,144,8,268,1,144
/10.0.0.1,/10.0.0.25,144,8,334,2,144
/10.0.0.1,/10.0.0.25,145,8,266,1,145
/10.0.0.1,/10.0.0.25,145,8,331,2,145
/10.0.0.1,/10.0.0.25,146,8,281,1,146
/10.0.0.1,/10.0.0.25,146,8,371,2,146
/10.0.0.1,/10.0.0.25,147,8,296,1,147
/10.0.0.1,/10.0.0.25,147,8,363,2,147
/10.0.0.1,/10.0.0.25,148,8,310,1,148
/10.0.0.1,/10.0.0.25,148,8,444,2,148
/10.0.0.1,/10.0.0.25,149,8,277,1,149
/10.0.0.1,/10.0.0.25,149,8,343,2,149
/10.0.0.1,/10.0.0.25,150,8,266,1,150
/10.0.0.1,/10.0.0.25,150,8,348,2,150
/10.0.0.1,/10.0.0.25,151,8,266,1,151
/10.0.0.1,/10.0.0.25,151,8,335,2,151
/10.0.0.1,/10.0.0.25,152,8,273,1,152
/10.0.0.1,/10.0.0.25,152,8,343,2,152
/10.0.0.1,/10.0.0.25,153,8,270,1,153
/10.0.0.1,/10.0.0.25,153,8,336,2,153
/10.0.0.1,/10.0.0.25,154,8,260,1,154
/10.0.0.1,/10.0.0.25,154,8,331,2,154
/10.0.0.1,/10.0.0.25,155,8,252,1,155
/10.0.0.1,/10.0.0.25,155,8,335,2,155
/10.0.0.1,/10.0.0.25,156,8,254,1,156
/10.0.0.1,/10.0.0.25,156,8,321,2,156
/10.0.0.1,/10.0.0.25,157,8,258,1,157
/10.0.0.1,/10.0.0.25,157,8,324,2,157
/10.0.0.1,/10.0.0.25,158,8,269,1,158
/10.0.0.1,/10.0.0.25,158,8,340,2,158
/10.0.0.1,/10.0.0.25,159,8,269,1,159
/10.0.0.1,/10.0.0.25,159,8,336,2,159
/10.0.0.1,/10.0.0.25,160,8,275,1,160
/10.0.0.1,/10.0.0.25,160,8,345,2,160
/10.0.0.1,/10.0.0.25,161,8,246,1,161
/10.0.0.1,/10.0.0.25,161,8,312,2,161
/10.0.0.1,/10.0.0.25,162,8,256,1,162
/10.0.0.1,/10.0.0.25,162,8,323,2,162
/10.0.0.1,/10.0.0.25,163,8,263,1,163
/10.0.0.1,/10.0.0.25,163,8,334,2,163
/10.0.0.1,/10.0.0.25,164,8,260,1,164
/10.0.0.1,/10.0.0.25,164,8,326,2,164
/10.0.0.1,/10.0.0.25,165,8,297,1,165
/10.0.0.1,/10.0.0.25,165,8,363,2,165
/10.0.0.1,/10.0.0.25,166,8,262,1,166
/10.0.0.1,/10.0.0.25,166,8,326,2,166
/10.0.0.1,/10.0.0.25,167,8,254,1,167
/10.0.0.1,/10.0.0.25,167,8,318,2,167
/10.0.0.1,/10.0.0.25,168,8,245,1,168
/10.0.0.1,/10.0.0.25,168,8,340,2,168
/10.0.0.1,/10.0.0.25,169,8,270,1,169
/10.0.0.1,/10.0.0.25,169,8,340,2,169
/10.0.0.1,/10.0.0.25,170,8,249,1,170
/10.0.0.1,/10.0.0.25,170,8,330,2,170
/10.0.0.1,/10.0.0.25,171,8,251,1,171
/10.0.0.1,/10.0.0.25,171,8,315,2,171
/10.0.0.1,/10.0.0.25,172,8,267,1,172
/10.0.0.1,/10.0.0.25,172,8,334,2,172
/10.0.0.1,/10.0.0.25,173,8,272,1,173
/10.0.0.1,/10.0.0.25,173,8,337,2,173
/10.0.0.1,/10.0.0.25,174,8,273,1,174
/10.0.0.1,/10.0.0.25,174,8,338,2,174
/10.0.0.1,/10.0.0.25,175,8,254,1,175
/10.0.0.1,/10.0.0.25,175,8,320,2,175
/10.0.0.1,/10.0.0.25,176,8,284,1,176
/10.0.0.1,/10.0.0.25,176,8,348,2,176
/10.0.0.1,/10.0.0.25,177,8,303,1,177
/10.0.0.1,/10.0.0.25,177,8,370,2,177
/10.0.0.1,/10.0.0.25,178,8,297,1,178
/10.0.0.1,/10.0.0.25,178,8,362,2,178
/10.0.0.1,/10.0.0.25,179,8,266,1,179
/10.0.0.1,/10.0.0.25,179,8,332,2,179
/10.0.0.1,/10.0.0.25,180,8,289,1,180
/10.0.0.1,/10.0.0.25,180,8,355,2,180
/10.0.0.1,/10.0.0.25,181,8,264,1,181
/10.0.0.1,/10.0.0.25,181,8,329,2,181
/10.0.0.1,/10.0.0.25,182,8,281,1,182
/10.0.0.1,/10.0.0.25,182,8,346,2,182
/10.0.0.1,/10.0.0.25,183,8,332,1,183
/10.0.0.1,/10.0.0.25,183,8,399,2,183
/10.0.0.1,/10.0.0.25,184,8,257,1,184
/10.0.0.1,/10.0.0.25,184,8,322,2,184
/10.0.0.1,/10.0.0.25,185,8,259,1,185
/10.0.0.1,/10.0.0.25,185,8,323,2,185
/10.0.0.1,/10.0.0.25,186,8,260,1,186
/10.0.0.1,/10.0.0.25,186,8,325,2,186
/10.0.0.1,/10.0.0.25,187,8,280,1,187
/10.0.0.1,/10.0.0.25,188,8,263,1,188
/10.0.0.1,/10.0.0.25,188,8,328,2,188
/10.0.0.1,/10.0.0.25,189,8,287,1,189
/10.0.0.1,/10.0.0.25,189,8,353,2,189
/10.0.0.1,/10.0.0.25,190,8,289,1,190
/10.0.0.1,/10.0.0.25,190,8,356,2,190
/10.0.0.1,/10.0.0.25,191,8,293,1,191
/10.0.0.1,/10.0.0.25,191,8,362,2,191
/10.0.0.1,/10.0.0.25,192,8,292,1,192
/10.0.0.1,/10.0.0.25,192,8,356,2,192
/10.0.0.1,/10.0.0.25,193,8,307,1,193
/10.0.0.1,/10.0.0.25,193,8,374,2,193
/10.0.0.1,/10.0.0.25,194,8,305,1,194
/10.0.0.1,/10.0.0.25,194,8,371,2,194
/10.0.0.1,/10.0.0.25,195,8,283,1,195
/10.0.0.1,/10.0.0.25,195,8,350,2,195
/10.0.0.1,/10.0.0.25,196,8,320,1,196
/10.0.0.1,/10.0.0.25,196,8,387,2,196
/10.0.0.1,/10.0.0.25,197,8,271,1,197
/10.0.0.1,/10.0.0.25,197,8,341,2,197
/10.0.0.1,/10.0.0.25,198,8,257,1,198
/10.0.0.1,/10.0.0.25,198,8,323,2,198
/10.0.0.1,/10.0.0.25,199,8,267,1,199
/10.0.0.1,/10.0.0.25,199,8,334,2,199
/10.0.0.1,/10.0.0.25,200,8,265,1,200
/10.0.0.1,/10.0.0.25,200,8,333,2,200
/10.0.0.1,/10.0.0.25,201,8,282,1,201
/10.0.0.1,/10.0.0.25,201,8,349,2,201
/10.0.0.1,/10.0.0.25,202,8,273,1,202
/10.0.0.1,/10.0.0.25,202,8,342,2,202
/10.0.0.1,/10.0.0.25,203,8,277,1,203
/10.0.0.1,/10.0.0.25,203,8,347,2,203
/10.0.0.1,/10.0.0.25,204,8,282,1,204
/10.0.0.1,/10.0.0.25,204,8,353,2,204
/10.0.0.1,/10.0.0.25,205,8,297,1,205
/10.0.0.1,/10.0.0.25,205,8,364,2,205
/10.0.0.1,/10.0.0.25,206,8,271,1,206
/10.0.0.1,/10.0.0.25,206,8,338,2,206
/10.0.0.1,/10.0.0.25,207,8,265,1,207
/10.0.0.1,/10.0.0.25,207,8,333,2,207
/10.0.0.1,/10.0.0.25,208,8,317,1,208
/10.0.0.1,/10.0.0.25,208,8,384,2,208
/10.0.0.1,/10.0.0.25,209,8,317,1,209
/10.0.0.1,/10.0.0.25,209,8,384,2,209
/10.0.0.1,/10.0.0.25,210,8,270,1,210
/10.0.0.1,/10.0.0.25,210,8,338,2,210
/10.0.0.1,/10.0.0.25,211,8,266,1,211
/10.0.0.1,/10.0.0.25,211,8,337,2,211
/10.0.0.1,/10.0.0.25,212,8,263,1,212
/10.0.0.1,/10.0.0.25,212,8,336,2,212
/10.0.0.1,/10.0.0.25,213,8,255,1,213
/10.0.0.1,/10.0.0.25,213,8,328,2,213
/10.0.0.1,/10.0.0.25,214,8,252,1,214
/10.0.0.1,/10.0.0.25,214,8,323,2,214
/10.0.0.1,/10.0.0.25,215,8,261,1,215
/10.0.0.1,/10.0.0.25,215,8,331,2,215
/10.0.0.1,/10.0.0.25,216,8,273,1,216
/10.0.0.1,/10.0.0.25,216,8,343,2,216
/10.0.0.1,/10.0.0.25,217,8,279,1,217
/10.0.0.1,/10.0.0.25,217,8,349,2,217
/10.0.0.1,/10.0.0.25,218,8,274,1,218
/10.0.0.1,/10.0.0.25,218,8,343,2,218
/10.0.0.1,/10.0.0.25,219,8,291,1,219
/10.0.0.1,/10.0.0.25,219,8,361,2,219
/10.0.0.1,/10.0.0.25,220,8,300,1,220
/10.0.0.1,/10.0.0.25,220,8,372,2,220
/10.0.0.1,/10.0.0.25,221,8,279,1,221
/10.0.0.1,/10.0.0.25,221,8,352,2,221
/10.0.0.1,/10.0.0.25,222,8,272,1,222
/10.0.0.1,/10.0.0.25,222,8,342,2,222
/10.0.0.1,/10.0.0.25,223,8,270,1,223
/10.0.0.1,/10.0.0.25,223,8,341,2,223
/10.0.0.1,/10.0.0.25,224,8,271,1,224
/10.0.0.1,/10.0.0.25,224,8,342,2,224
/10.0.0.1,/10.0.0.25,225,8,275,1,225
/10.0.0.1,/10.0.0.25,225,8,354,2,225
/10.0.0.1,/10.0.0.25,226,8,265,1,226
/10.0.0.1,/10.0.0.25,226,8,344,2,226
/10.0.0.1,/10.0.0.25,227,8,259,1,227
/10.0.0.1,/10.0.0.25,227,8,327,2,227
/10.0.0.1,/10.0.0.25,228,8,254,1,228
/10.0.0.1,/10.0.0.25,228,8,329,2,228
/10.0.0.1,/10.0.0.25,229,8,270,1,229
/10.0.0.1,/10.0.0.25,229,8,343,2,229
/10.0.0.1,/10.0.0.25,230,8,268,1,230
/10.0.0.1,/10.0.0.25,230,8,338,2,230
/10.0.0.1,/10.0.0.25,231,8,277,1,231
/10.0.0.1,/10.0.0.25,231,8,346,2,231
/10.0.0.1,/10.0.0.25,232,8,264,1,232
/10.0.0.1,/10.0.0.25,232,8,337,2,232
/10.0.0.1,/10.0.0.25,233,8,295,1,233
/10.0.0.1,/10.0.0.25,233,8,366,2,233
/10.0.0.1,/10.0.0.25,234,8,277,1,234
/10.0.0.1,/10.0.0.25,234,8,348,2,234
/10.0.0.1,/10.0.0.25,235,8,356,1,235
/10.0.0.1,/10.0.0.25,236,8,267,1,236
/10.0.0.1,/10.0.0.25,236,8,337,2,236
/10.0.0.1,/10.0.0.25,237,8,268,1,237
/10.0.0.1,/10.0.0.25,237,8,336,2,237
/10.0.0.1,/10.0.0.25,238,8,258,1,238
/10.0.0.1,/10.0.0.25,238,8,327,2,238
/10.0.0.1,/10.0.0.25,239,8,284,1,239
/10.0.0.1,/10.0.0.25,239,8,356,2,239
/10.0.0.1,/10.0.0.25,240,8,271,1,240
/10.0.0.1,/10.0.0.25,240,8,340,2,240
/10.0.0.1,/10.0.0.25,241,8,252,1,241
/10.0.0.1,/10.0.0.25,241,8,321,2,241
/10.0.0.1,/10.0.0.25,242,8,259,1,242
/10.0.0.1,/10.0.0.25,242,8,327,2,242
/10.0.0.1,/10.0.0.25,243,8,266,1,243
/10.0.0.1,/10.0.0.25,243,8,343,2,243
/10.0.0.1,/10.0.0.25,244,8,257,1,244
/10.0.0.1,/10.0.0.25,244,8,325,2,244
/10.0.0.1,/10.0.0.25,245,8,268,1,245
/10.0.0.1,/10.0.0.25,245,8,335,2,245
/10.0.0.1,/10.0.0.25,246,8,274,1,246
/10.0.0.1,/10.0.0.25,246,8,340,2,246
/10.0.0.1,/10.0.0.25,247,8,272,1,247
/10.0.0.1,/10.0.0.25,247,8,338,2,247
/10.0.0.1,/10.0.0.25,248,8,280,1,248
/10.0.0.1,/10.0.0.25,248,8,350,2,248
/10.0.0.1,/10.0.0.25,249,8,295,1,249
/10.0.0.1,/10.0.0.25,249,8,362,2,249
/10.0.0.1,/10.0.0.25,250,8,260,1,250
/10.0.0.1,/10.0.0.25,250,8,328,2,250
/10.0.0.1,/10.0.0.25,251,8,262,1,251
/10.0.0.1,/10.0.0.25,251,8,328,2,251
/10.0.0.1,/10.0.0.25,252,8,272,1,252
/10.0.0.1,/10.0.0.25,252,8,338,2,252
/10.0.0.1,/10.0.0.25,253,8,267,1,253
/10.0.0.1,/10.0.0.25,253,8,336,2,253
/10.0.0.1,/10.0.0.25,254,8,264,1,254
/10.0.0.1,/10.0.0.25,254,8,335,2,254
/10.0.0.1,/10.0.0.25,255,8,247,1,255
/10.0.0.1,/10.0.0.25,255,8,313,2,255
/10.0.0.1,/10.0.0.25,256,8,265,1,256
/10.0.0.1,/10.0.0.25,256,8,331,2,256
/10.0.0.1,/10.0.0.25,257,8,272,1,257
/10.0.0.1,/10.0.0.25,257,8,341,2,257
/10.0.0.1,/10.0.0.25,258,8,312,1,258
/10.0.0.1,/10.0.0.25,258,8,383,2,258
/10.0.0.1,/10.0.0.25,259,8,273,1,259
/10.0.0.1,/10.0.0.25,259,8,339,2,259
/10.0.0.1,/10.0.0.25,260,8,294,1,260
/10.0.0.1,/10.0.0.25,260,8,361,2,260
/10.0.0.1,/10.0.0.25,261,8,284,1,261
/10.0.0.1,/10.0.0.25,261,8,349,2,261
/10.0.0.1,/10.0.0.25,262,8,288,1,262
/10.0.0.1,/10.0.0.25,262,8,356,2,262
/10.0.0.1,/10.0.0.25,263,8,275,1,263
/10.0.0.1,/10.0.0.25,263,8,343,2,263
/10.0.0.1,/10.0.0.25,264,8,278,1,264
/10.0.0.1,/10.0.0.25,264,8,347,2,264
/10.0.0.1,/10.0.0.25,265,8,319,1,265
/10.0.0.1,/10.0.0.25,265,8,388,2,265
/10.0.0.1,/10.0.0.25,266,8,254,1,266
/10.0.0.1,/10.0.0.25,266,8,341,2,266
/10.0.0.1,/10.0.0.25,267,8,254,1,267
/10.0.0.1,/10.0.0.25,267,8,335,2,267
/10.0.0.1,/10.0.0.25,268,8,253,1,268
/10.0.0.1,/10.0.0.25,268,8,331,2,268
/10.0.0.1,/10.0.0.25,269,8,261,1,269
/10.0.0.1,/10.0.0.25,269,8,353,2,269
/10.0.0.1,/10.0.0.25,270,8,269,1,270
/10.0.0.1,/10.0.0.25,270,8,336,2,270
/10.0.0.1,/10.0.0.25,271,8,265,1,271
/10.0.0.1,/10.0.0.25,271,8,364,2,271
/10.0.0.1,/10.0.0.25,272,8,279,1,272
/10.0.0.1,/10.0.0.25,272,8,373,2,272
/10.0.0.1,/10.0.0.25,273,8,280,1,273
/10.0.0.1,/10.0.0.25,273,8,366,2,273
/10.0.0.1,/10.0.0.25,274,8,279,1,274
/10.0.0.1,/10.0.0.25,274,8,345,2,274
/10.0.0.1,/10.0.0.25,275,8,274,1,275
/10.0.0.1,/10.0.0.25,275,8,339,2,275
/10.0.0.1,/10.0.0.25,276,8,267,1,276
/10.0.0.1,/10.0.0.25,276,8,339,2,276
/10.0.0.1,/10.0.0.25,277,8,296,1,277
/10.0.0.1,/10.0.0.25,277,8,363,2,277
/10.0.0.1,/10.0.0.25,278,8,273,1,278
/10.0.0.1,/10.0.0.25,278,8,340,2,278
/10.0.0.1,/10.0.0.25,279,8,268,1,279
/10.0.0.1,/10.0.0.25,279,8,341,2,279
/10.0.0.1,/10.0.0.25,280,8,277,1,280
/10.0.0.1,/10.0.0.25,280,8,345,2,280
/10.0.0.1,/10.0.0.25,281,8,260,1,281
/10.0.0.1,/10.0.0.25,281,8,330,2,281
/10.0.0.1,/10.0.0.25,282,8,250,1,282
/10.0.0.1,/10.0.0.25,282,8,332,2,282
/10.0.0.1,/10.0.0.25,283,8,252,1,283
/10.0.0.1,/10.0.0.25,283,8,318,2,283
/10.0.0.1,/10.0.0.25,284,8,258,1,284
/10.0.0.1,/10.0.0.25,284,8,324,2,284
/10.0.0.1,/10.0.0.25,285,8,257,1,285
/10.0.0.1,/10.0.0.25,285,8,321,2,285
/10.0.0.1,/10.0.0.25,286,8,272,1,286
/10.0.0.1,/10.0.0.25,286,8,336,2,286
/10.0.0.1,/10.0.0.25,287,8,282,1,287
/10.0.0.1,/10.0.0.25,287,8,347,2,287
/10.0.0.1,/10.0.0.25,288,8,284,1,288
/10.0.0.1,/10.0.0.25,288,8,350,2,288
/10.0.0.1,/10.0.0.25,289,8,296,1,289
/10.0.0.1,/10.0.0.25,289,8,362,2,289
/10.0.0.1,/10.0.0.25,290,8,274,1,290
/10.0.0.1,/10.0.0.25,290,8,342,2,290
/10.0.0.1,/10.0.0.25,291,8,267,1,291
/10.0.0.1,/10.0.0.25,291,8,334,2,291
/10.0.0.1,/10.0.0.25,292,8,260,1,292
/10.0.0.1,/10.0.0.25,292,8,326,2,292
/10.0.0.1,/10.0.0.25,293,8,261,1,293
/10.0.0.1,/10.0.0.25,293,8,328,2,293
/10.0.0.1,/10.0.0.25,294,8,265,1,294
/10.0.0.1,/10.0.0.25,294,8,348,2,294
/10.0.0.1,/10.0.0.25,295,8,270,1,295
/10.0.0.1,/10.0.0.25,295,8,341,2,295
/10.0.0.1,/10.0.0.25,296,8,259,1,296
/10.0.0.1,/10.0.0.25,296,8,345,2,296
/10.0.0.1,/10.0.0.25,297,8,260,1,297
/10.0.0.1,/10.0.0.25,297,8,326,2,297
/10.0.0.1,/10.0.0.25,298,8,261,1,298
/10.0.0.1,/10.0.0.25,298,8,327,2,298
/10.0.0.1,/10.0.0.25,299,8,274,1,299
/10.0.0.1,/10.0.0.25,299,8,340,2,299
/10.0.0.1,/10.0.0.25,300,8,273,1,300
/10.0.0.1,/10.0.0.25,300,8,339,2,300
/10.0.0.1,/10.0.0.25,301,8,262,1,301
/10.0.0.1,/10.0.0.25,301,8,340,2,301
/10.0.0.1,/10.0.0.25,302,8,262,1,302
/10.0.0.1,/10.0.0.25,302,8,327,2,302
/10.0.0.1,/10.0.0.25,303,8,271,1,303
/10.0.0.1,/10.0.0.25,303,8,337,2,303
/10.0.0.1,/10.0.0.25,304,8,269,1,304
/10.0.0.1,/10.0.0.25,304,8,334,2,304
/10.0.0.1,/10.0.0.25,305,8,271,1,305
/10.0.0.1,/10.0.0.25,305,8,337,2,305
/10.0.0.1,/10.0.0.25,306,8,266,1,306
/10.0.0.1,/10.0.0.25,306,8,331,2,306
/10.0.0.1,/10.0.0.25,307,8,247,1,307
/10.0.0.1,/10.0.0.25,307,8,326,2,307
/10.0.0.1,/10.0.0.25,308,8,249,1,308
/10.0.0.1,/10.0.0.25,308,8,313,2,308
/10.0.0.1,/10.0.0.25,309,8,259,1,309
/10.0.0.1,/10.0.0.25,309,8,323,2,309
/10.0.0.1,/10.0.0.25,310,8,258,1,310
/10.0.0.1,/10.0.0.25,310,8,328,2,310
/10.0.0.1,/10.0.0.25,311,8,262,1,311
/10.0.0.1,/10.0.0.25,311,8,328,2,311
/10.0.0.1,/10.0.0.25,312,8,265,1,312
/10.0.0.1,/10.0.0.25,312,8,332,2,312
/10.0.0.1,/10.0.0.25,313,8,275,1,313
/10.0.0.1,/10.0.0.25,313,8,341,2,313
/10.0.0.1,/10.0.0.25,314,8,269,1,314
/10.0.0.1,/10.0.0.25,314,8,334,2,314
/10.0.0.1,/10.0.0.25,315,8,282,1,315
/10.0.0.1,/10.0.0.25,315,8,348,2,315
/10.0.0.1,/10.0.0.25,316,8,286,1,316
/10.0.0.1,/10.0.0.25,316,8,355,2,316
/10.0.0.1,/10.0.0.25,317,8,264,1,317
/10.0.0.1,/10.0.0.25,317,8,330,2,317
/10.0.0.1,/10.0.0.25,318,8,257,1,318
/10.0.0.1,/10.0.0.25,318,8,323,2,318
/10.0.0.1,/10.0.0.25,319,8,261,1,319
/10.0.0.1,/10.0.0.25,319,8,328,2,319
/10.0.0.1,/10.0.0.25,320,8,253,1,320
/10.0.0.1,/10.0.0.25,320,8,318,2,320
/10.0.0.1,/10.0.0.25,321,8,262,1,321
/10.0.0.1,/10.0.0.25,321,8,330,2,321
/10.0.0.1,/10.0.0.25,322,8,255,1,322
/10.0.0.1,/10.0.0.25,322,8,336,2,322
/10.0.0.1,/10.0.0.25,323,8,253,1,323
/10.0.0.1,/10.0.0.25,323,8,333,2,323
/10.0.0.1,/10.0.0.25,324,8,258,1,324
/10.0.0.1,/10.0.0.25,324,8,326,2,324
/10.0.0.1,/10.0.0.25,325,8,255,1,325
/10.0.0.1,/10.0.0.25,325,8,321,2,325
/10.0.0.1,/10.0.0.25,326,8,268,1,326
/10.0.0.1,/10.0.0.25,326,8,335,2,326
/10.0.0.1,/10.0.0.25,327,8,267,1,327
/10.0.0.1,/10.0.0.25,327,8,333,2,327
/10.0.0.1,/10.0.0.25,328,8,252,1,328
/10.0.0.1,/10.0.0.25,328,8,318,2,328
/10.0.0.1,/10.0.0.25,329,8,262,1,329
/10.0.0.1,/10.0.0.25,329,8,329,2,329
/10.0.0.1,/10.0.0.25,330,8,265,1,330
/10.0.0.1,/10.0.0.25,330,8,331,2,330
/10.0.0.1,/10.0.0.25,331,8,274,1,331
/10.0.0.1,/10.0.0.25,331,8,340,2,331
/10.0.0.1,/10.0.0.25,332,8,267,1,332
/10.0.0.1,/10.0.0.25,332,8,334,2,332
/10.0.0.1,/10.0.0.25,333,8,256,1,333
/10.0.0.1,/10.0.0.25,333,8,321,2,333
/10.0.0.1,/10.0.0.25,334,8,256,1,334
/10.0.0.1,/10.0.0.25,334,8,328,2,334
/10.0.0.1,/10.0.0.25,335,8,261,1,335
/10.0.0.1,/10.0.0.25,335,8,335,2,335
/10.0.0.1,/10.0.0.25,336,8,250,1,336
/10.0.0.1,/10.0.0.25,336,8,315,2,336
/10.0.0.1,/10.0.0.25,337,8,257,1,337
/10.0.0.1,/10.0.0.25,337,8,321,2,337
/10.0.0.1,/10.0.0.25,338,8,259,1,338
/10.0.0.1,/10.0.0.25,338,8,324,2,338
/10.0.0.1,/10.0.0.25,339,8,264,1,339
/10.0.0.1,/10.0.0.25,339,8,329,2,339
/10.0.0.1,/10.0.0.25,340,8,276,1,340
/10.0.0.1,/10.0.0.25,340,8,340,2,340
/10.0.0.1,/10.0.0.25,341,8,257,1,341
/10.0.0.1,/10.0.0.25,341,8,324,2,341
/10.0.0.1,/10.0.0.25,342,8,278,1,342
/10.0.0.1,/10.0.0.25,342,8,344,2,342
/10.0.0.1,/10.0.0.25,343,8,284,1,343
/10.0.0.1,/10.0.0.25,343,8,350,2,343
/10.0.0.1,/10.0.0.25,344,8,279,1,344
/10.0.0.1,/10.0.0.25,344,8,344,2,344
/10.0.0.1,/10.0.0.25,345,8,272,1,345
/10.0.0.1,/10.0.0.25,345,8,337,2,345
/10.0.0.1,/10.0.0.25,346,8,262,1,346
/10.0.0.1,/10.0.0.25,346,8,327,2,346
/10.0.0.1,/10.0.0.25,347,8,256,1,347
/10.0.0.1,/10.0.0.25,347,8,321,2,347
/10.0.0.1,/10.0.0.25,348,8,254,1,348
/10.0.0.1,/10.0.0.25,348,8,331,2,348
/10.0.0.1,/10.0.0.25,349,8,270,1,349
/10.0.0.1,/10.0.0.25,349,8,335,2,349
/10.0.0.1,/10.0.0.25,350,8,248,1,350
/10.0.0.1,/10.0.0.25,350,8,342,2,350
/10.0.0.1,/10.0.0.25,351,8,257,1,351
/10.0.0.1,/10.0.0.25,351,8,324,2,351
/10.0.0.1,/10.0.0.25,352,8,258,1,352
/10.0.0.1,/10.0.0.25,352,8,322,2,352
/10.0.0.1,/10.0.0.25,353,8,265,1,353
/10.0.0.1,/10.0.0.25,353,8,332,2,353
/10.0.0.1,/10.0.0.25,354,8,242,1,354
/10.0.0.1,/10.0.0.25,354,8,308,2,354
/10.0.0.1,/10.0.0.25,355,8,283,1,355
/10.0.0.1,/10.0.0.25,355,8,350,2,355
/10.0.0.1,/10.0.0.25,356,8,284,1,356
/10.0.0.1,/10.0.0.25,356,8,351,2,356
/10.0.0.1,/10.0.0.25,357,8,297,1,357
/10.0.0.1,/10.0.0.25,357,8,364,2,357
/10.0.0.1,/10.0.0.25,358,8,280,1,358
/10.0.0.1,/10.0.0.25,358,8,347,2,358
/10.0.0.1,/10.0.0.25,359,8,266,1,359
/10.0.0.1,/10.0.0.25,359,8,333,2,359
/10.0.0.1,/10.0.0.25,360,8,263,1,360
/10.0.0.1,/10.0.0.25,360,8,330,2,360
/10.0.0.1,/10.0.0.25,361,8,265,1,361
/10.0.0.1,/10.0.0.25,361,8,332,2,361
/10.0.0.1,/10.0.0.25,362,8,273,1,362
/10.0.0.1,/10.0.0.25,362,8,338,2,362
/10.0.0.1,/10.0.0.25,363,8,261,1,363
/10.0.0.1,/10.0.0.25,363,8,338,2,363
/10.0.0.1,/10.0.0.25,364,8,297,1,364
/10.0.0.1,/10.0.0.25,364,8,362,2,364
/10.0.0.1,/10.0.0.25,365,8,269,1,365
/10.0.0.1,/10.0.0.25,365,8,337,2,365
/10.0.0.1,/10.0.0.25,366,8,263,1,366
/10.0.0.1,/10.0.0.25,366,8,330,2,366
/10.0.0.1,/10.0.0.25,367,8,273,1,367
/10.0.0.1,/10.0.0.25,367,8,342,2,367
/10.0.0.1,/10.0.0.25,368,8,253,1,368
/10.0.0.1,/10.0.0.25,368,8,322,2,368
/10.0.0.1,/10.0.0.25,369,8,261,1,369
/10.0.0.1,/10.0.0.25,370,8,270,1,370
/10.0.0.1,/10.0.0.25,370,8,337,2,370
/10.0.0.1,/10.0.0.25,371,8,280,1,371
/10.0.0.1,/10.0.0.25,371,8,346,2,371
/10.0.0.1,/10.0.0.25,372,8,267,1,372
/10.0.0.1,/10.0.0.25,372,8,334,2,372
/10.0.0.1,/10.0.0.25,373,8,267,1,373
/10.0.0.1,/10.0.0.25,373,8,335,2,373
/10.0.0.1,/10.0.0.25,374,8,260,1,374
/10.0.0.1,/10.0.0.25,374,8,335,2,374
/10.0.0.1,/10.0.0.25,375,8,267,1,375
/10.0.0.1,/10.0.0.25,375,8,338,2,375
/10.0.0.1,/10.0.0.25,376,8,270,1,376
/10.0.0.1,/10.0.0.25,376,8,344,2,376
/10.0.0.1,/10.0.0.25,377,8,256,1,377
/10.0.0.1,/10.0.0.25,377,8,324,2,377
/10.0.0.1,/10.0.0.25,378,8,273,1,378
/10.0.0.1,/10.0.0.25,378,8,342,2,378
/10.0.0.1,/10.0.0.25,379,8,269,1,379
/10.0.0.1,/10.0.0.25,379,8,337,2,379
/10.0.0.1,/10.0.0.25,380,8,266,1,380
/10.0.0.1,/10.0.0.25,380,8,332,2,380
/10.0.0.1,/10.0.0.25,381,8,286,1,381
/10.0.0.1,/10.0.0.25,381,8,353,2,381
/10.0.0.1,/10.0.0.25,382,8,264,1,382
/10.0.0.1,/10.0.0.25,382,8,332,2,382
/10.0.0.1,/10.0.0.25,383,8,271,1,383
/10.0.0.1,/10.0.0.25,383,8,339,2,383
/10.0.0.1,/10.0.0.25,384,8,280,1,384
/10.0.0.1,/10.0.0.25,384,8,348,2,384
/10.0.0.1,/10.0.0.25,385,8,271,1,385
/10.0.0.1,/10.0.0.25,385,8,336,2,385
/10.0.0.1,/10.0.0.25,386,8,368,1,386
/10.0.0.1,/10.0.0.25,386,8,434,2,386
/10.0.0.1,/10.0.0.25,387,8,271,1,387
/10.0.0.1,/10.0.0.25,387,8,335,2,387
/10.0.0.1,/10.0.0.25,388,8,261,1,388
/10.0.0.1,/10.0.0.25,388,8,381,2,388
/10.0.0.1,/10.0.0.25,389,8,250,1,389
/10.0.0.1,/10.0.0.25,389,8,315,2,389
/10.0.0.1,/10.0.0.25,390,8,267,1,390
/10.0.0.1,/10.0.0.25,390,8,333,2,390
/10.0.0.1,/10.0.0.25,391,8,266,1,391
/10.0.0.1,/10.0.0.25,391,8,331,2,391
/10.0.0.1,/10.0.0.25,392,8,273,1,392
/10.0.0.1,/10.0.0.25,392,8,338,2,392
/10.0.0.1,/10.0.0.25,393,8,253,1,393
/10.0.0.1,/10.0.0.25,393,8,323,2,393
/10.0.0.1,/10.0.0.25,394,8,284,1,394
/10.0.0.1,/10.0.0.25,394,8,352,2,394
/10.0.0.1,/10.0.0.25,395,8,273,1,395
/10.0.0.1,/10.0.0.25,395,8,346,2,395
/10.0.0.1,/10.0.0.25,396,8,259,1,396
/10.0.0.1,/10.0.0.25,396,8,326,2,396
/10.0.0.1,/10.0.0.25,397,8,263,1,397
/10.0.0.1,/10.0.0.25,397,8,329,2,397
/10.0.0.1,/10.0.0.25,398,8,263,1,398
/10.0.0.1,/10.0.0.25,398,8,330,2,398
/10.0.0.1,/10.0.0.25,399,8,264,1,399
/10.0.0.1,/10.0.0.25,400,8,257,1,400
/10.0.0.1,/10.0.0.25,400,8,340,2,400
/10.0.0.1,/10.0.0.25,401,8,249,1,401
/10.0.0.1,/10.0.0.25,401,8,313,2,401
/10.0.0.1,/10.0.0.25,402,8,258,1,402
/10.0.0.1,/10.0.0.25,402,8,325,2,402
/10.0.0.1,/10.0.0.25,403,8,264,1,403
/10.0.0.1,/10.0.0.25,403,8,331,2,403
/10.0.0.1,/10.0.0.25,404,8,272,1,404
/10.0.0.1,/10.0.0.25,404,8,341,2,404
/10.0.0.1,/10.0.0.25,405,8,275,1,405
/10.0.0.1,/10.0.0.25,405,8,343,2,405
/10.0.0.1,/10.0.0.25,406,8,280,1,406
/10.0.0.1,/10.0.0.25,406,8,345,2,406
/10.0.0.1,/10.0.0.25,407,8,289,1,407
/10.0.0.1,/10.0.0.25,407,8,357,2,407
/10.0.0.1,/10.0.0.25,408,8,293,1,408
/10.0.0.1,/10.0.0.25,408,8,359,2,408
/10.0.0.1,/10.0.0.25,409,8,258,1,409
/10.0.0.1,/10.0.0.25,409,8,324,2,409
/10.0.0.1,/10.0.0.25,410,8,270,1,410
/10.0.0.1,/10.0.0.25,410,8,335,2,410
/10.0.0.1,/10.0.0.25,411,8,334,1,411
/10.0.0.1,/10.0.0.25,412,8,269,1,412
/10.0.0.1,/10.0.0.25,412,8,334,2,412
/10.0.0.1,/10.0.0.25,413,8,306,1,413
/10.0.0.1,/10.0.0.25,413,8,373,2,413
/10.0.0.1,/10.0.0.25,414,8,289,1,414
/10.0.0.1,/10.0.0.25,414,8,355,2,414
/10.0.0.1,/10.0.0.25,415,8,253,1,415
/10.0.0.1,/10.0.0.25,415,8,320,2,415
/10.0.0.1,/10.0.0.25,416,8,266,1,416
/10.0.0.1,/10.0.0.25,416,8,332,2,416
/10.0.0.1,/10.0.0.25,417,8,266,1,417
/10.0.0.1,/10.0.0.25,417,8,332,2,417
/10.0.0.1,/10.0.0.25,418,8,268,1,418
/10.0.0.1,/10.0.0.25,418,8,335,2,418
/10.0.0.1,/10.0.0.25,419,8,281,1,419
/10.0.0.1,/10.0.0.25,419,8,348,2,419
/10.0.0.1,/10.0.0.25,420,8,348,1,420
/10.0.0.1,/10.0.0.25,421,8,290,1,421
/10.0.0.1,/10.0.0.25,421,8,357,2,421
/10.0.0.1,/10.0.0.25,422,8,269,1,422
/10.0.0.1,/10.0.0.25,422,8,336,2,422
/10.0.0.1,/10.0.0.25,423,8,277,1,423
/10.0.0.1,/10.0.0.25,423,8,364,2,423
/10.0.0.1,/10.0.0.25,424,8,291,1,424
/10.0.0.1,/10.0.0.25,424,8,357,2,424
/10.0.0.1,/10.0.0.25,425,8,267,1,425
/10.0.0.1,/10.0.0.25,425,8,332,2,425
/10.0.0.1,/10.0.0.25,426,8,263,1,426
/10.0.0.1,/10.0.0.25,426,8,333,2,426
/10.0.0.1,/10.0.0.25,427,8,251,1,427
/10.0.0.1,/10.0.0.25,427,8,352,2,427
/10.0.0.1,/10.0.0.25,428,8,266,1,428
/10.0.0.1,/10.0.0.25,428,8,332,2,428
/10.0.0.1,/10.0.0.25,429,8,277,1,429
/10.0.0.1,/10.0.0.25,429,8,345,2,429
/10.0.0.1,/10.0.0.25,430,8,360,1,430
/10.0.0.1,/10.0.0.25,430,8,428,2,430
/10.0.0.1,/10.0.0.25,431,8,271,1,431
/10.0.0.1,/10.0.0.25,431,8,338,2,431
/10.0.0.1,/10.0.0.25,432,8,292,1,432
/10.0.0.1,/10.0.0.25,432,8,358,2,432
/10.0.0.1,/10.0.0.25,433,8,305,1,433
/10.0.0.1,/10.0.0.25,433,8,393,2,433
/10.0.0.1,/10.0.0.25,434,8,295,1,434
/10.0.0.1,/10.0.0.25,434,8,362,2,434
/10.0.0.1,/10.0.0.25,435,8,277,1,435
/10.0.0.1,/10.0.0.25,435,8,348,2,435
/10.0.0.1,/10.0.0.25,436,8,270,1,436
/10.0.0.1,/10.0.0.25,436,8,337,2,436
/10.0.0.1,/10.0.0.25,437,8,267,1,437
/10.0.0.1,/10.0.0.25,437,8,334,2,437
/10.0.0.1,/10.0.0.25,438,8,263,1,438
/10.0.0.1,/10.0.0.25,438,8,333,2,438
/10.0.0.1,/10.0.0.25,439,8,314,1,439
/10.0.0.1,/10.0.0.25,439,8,380,2,439
/10.0.0.1,/10.0.0.25,440,8,260,1,440
/10.0.0.1,/10.0.0.25,440,8,337,2,440
/10.0.0.1,/10.0.0.25,441,8,256,1,441
/10.0.0.1,/10.0.0.25,441,8,325,2,441
/10.0.0.1,/10.0.0.25,442,8,269,1,442
/10.0.0.1,/10.0.0.25,442,8,335,2,442
/10.0.0.1,/10.0.0.25,443,8,270,1,443
/10.0.0.1,/10.0.0.25,443,8,336,2,443
/10.0.0.1,/10.0.0.25,444,8,282,1,444
/10.0.0.1,/10.0.0.25,444,8,347,2,444
/10.0.0.1,/10.0.0.25,445,8,281,1,445
/10.0.0.1,/10.0.0.25,445,8,345,2,445
/10.0.0.1,/10.0.0.25,446,8,261,1,446
/10.0.0.1,/10.0.0.25,446,8,328,2,446
/10.0.0.1,/10.0.0.25,447,8,289,1,447
/10.0.0.1,/10.0.0.25,447,8,356,2,447
/10.0.0.1,/10.0.0.25,448,8,264,1,448
/10.0.0.1,/10.0.0.25,448,8,332,2,448
/10.0.0.1,/10.0.0.25,449,8,270,1,449
/10.0.0.1,/10.0.0.25,449,8,338,2,449
/10.0.0.1,/10.0.0.25,450,8,264,1,450
/10.0.0.1,/10.0.0.25,450,8,330,2,450
/10.0.0.1,/10.0.0.25,451,8,279,1,451
/10.0.0.1,/10.0.0.25,451,8,345,2,451
/10.0.0.1,/10.0.0.25,452,8,273,1,452
/10.0.0.1,/10.0.0.25,452,8,338,2,452
/10.0.0.1,/10.0.0.25,453,8,288,1,453
/10.0.0.1,/10.0.0.25,453,8,354,2,453
/10.0.0.1,/10.0.0.25,454,8,248,1,454
/10.0.0.1,/10.0.0.25,454,8,314,2,454
/10.0.0.1,/10.0.0.25,455,8,259,1,455
/10.0.0.1,/10.0.0.25,455,8,325,2,455
/10.0.0.1,/10.0.0.25,456,8,264,1,456
/10.0.0.1,/10.0.0.25,456,8,331,2,456
/10.0.0.1,/10.0.0.25,457,8,277,1,457
/10.0.0.1,/10.0.0.25,457,8,344,2,457
/10.0.0.1,/10.0.0.25,458,8,286,1,458
/10.0.0.1,/10.0.0.25,458,8,352,2,458
/10.0.0.1,/10.0.0.25,459,8,280,1,459
/10.0.0.1,/10.0.0.25,459,8,348,2,459
/10.0.0.1,/10.0.0.25,460,8,302,1,460
/10.0.0.1,/10.0.0.25,460,8,369,2,460
/10.0.0.1,/10.0.0.25,461,8,263,1,461
/10.0.0.1,/10.0.0.25,461,8,327,2,461
/10.0.0.1,/10.0.0.25,462,8,264,1,462
/10.0.0.1,/10.0.0.25,462,8,329,2,462
/10.0.0.1,/10.0.0.25,463,8,325,1,463
/10.0.0.1,/10.0.0.25,463,8,390,2,463
/10.0.0.1,/10.0.0.25,464,8,263,1,464
/10.0.0.1,/10.0.0.25,464,8,335,2,464
/10.0.0.1,/10.0.0.25,465,8,248,1,465
/10.0.0.1,/10.0.0.25,465,8,316,2,465
/10.0.0.1,/10.0.0.25,466,8,255,1,466
/10.0.0.1,/10.0.0.25,466,8,322,2,466
/10.0.0.1,/10.0.0.25,467,8,272,1,467
/10.0.0.1,/10.0.0.25,467,8,337,2,467
/10.0.0.1,/10.0.0.25,468,8,292,1,468
/10.0.0.1,/10.0.0.25,468,8,357,2,468
/10.0.0.1,/10.0.0.25,469,8,284,1,469
/10.0.0.1,/10.0.0.25,469,8,351,2,469
/10.0.0.1,/10.0.0.25,470,8,291,1,470
/10.0.0.1,/10.0.0.25,470,8,356,2,470
/10.0.0.1,/10.0.0.25,471,8,339,1,471
/10.0.0.1,/10.0.0.25,471,8,404,2,471
/10.0.0.1,/10.0.0.25,472,8,299,1,472
/10.0.0.1,/10.0.0.25,472,8,367,2,472
/10.0.0.1,/10.0.0.25,473,8,292,1,473
/10.0.0.1,/10.0.0.25,473,8,359,2,473
/10.0.0.1,/10.0.0.25,474,8,265,1,474
/10.0.0.1,/10.0.0.25,474,8,331,2,474
/10.0.0.1,/10.0.0.25,475,8,267,1,475
/10.0.0.1,/10.0.0.25,475,8,335,2,475
/10.0.0.1,/10.0.0.25,476,8,269,1,476
/10.0.0.1,/10.0.0.25,476,8,334,2,476
/10.0.0.1,/10.0.0.25,477,8,291,1,477
/10.0.0.1,/10.0.0.25,477,8,356,2,477
/10.0.0.1,/10.0.0.25,478,8,265,1,478
/10.0.0.1,/10.0.0.25,478,8,348,2,478
/10.0.0.1,/10.0.0.25,479,8,345,1,479
/10.0.0.1,/10.0.0.25,479,8,412,2,479
/10.0.0.1,/10.0.0.25,480,8,294,1,480
/10.0.0.1,/10.0.0.25,480,8,361,2,480
/10.0.0.1,/10.0.0.25,481,8,279,1,481
/10.0.0.1,/10.0.0.25,481,8,359,2,481
/10.0.0.1,/10.0.0.25,482,8,266,1,482
/10.0.0.1,/10.0.0.25,482,8,333,2,482
/10.0.0.1,/10.0.0.25,483,8,272,1,483
/10.0.0.1,/10.0.0.25,483,8,341,2,483
/10.0.0.1,/10.0.0.25,484,8,287,1,484
/10.0.0.1,/10.0.0.25,484,8,355,2,484
/10.0.0.1,/10.0.0.25,485,8,303,1,485
/10.0.0.1,/10.0.0.25,485,8,391,2,485
/10.0.0.1,/10.0.0.25,486,8,357,1,486
/10.0.0.1,/10.0.0.25,486,8,425,2,486
/10.0.0.1,/10.0.0.25,487,8,324,1,487
/10.0.0.1,/10.0.0.25,487,8,420,2,487
/10.0.0.1,/10.0.0.25,488,8,279,1,488
/10.0.0.1,/10.0.0.25,488,8,361,2,488
/10.0.0.1,/10.0.0.25,489,8,348,1,489
/10.0.0.1,/10.0.0.25,489,8,429,2,489
/10.0.0.1,/10.0.0.25,490,8,250,1,490
/10.0.0.1,/10.0.0.25,490,8,332,2,490
/10.0.0.1,/10.0.0.25,491,8,362,1,491
/10.0.0.1,/10.0.0.25,491,8,437,2,491
/10.0.0.1,/10.0.0.25,492,8,285,1,492
/10.0.0.1,/10.0.0.25,492,8,350,2,492
/10.0.0.1,/10.0.0.25,493,8,267,1,493
/10.0.0.1,/10.0.0.25,493,8,341,2,493
/10.0.0.1,/10.0.0.25,494,8,252,1,494
/10.0.0.1,/10.0.0.25,494,8,317,2,494
/10.0.0.1,/10.0.0.25,495,8,260,1,495
/10.0.0.1,/10.0.0.25,495,8,327,2,495
/10.0.0.1,/10.0.0.25,496,8,267,1,496
/10.0.0.1,/10.0.0.25,496,8,333,2,496
/10.0.0.1,/10.0.0.25,497,8,273,1,497
/10.0.0.1,/10.0.0.25,497,8,342,2,497
/10.0.0.1,/10.0.0.25,498,8,275,1,498
/10.0.0.1,/10.0.0.25,498,8,341,2,498
/10.0.0.1,/10.0.0.25,499,8,257,1,499
/10.0.0.1,/10.0.0.25,499,8,326,2,499
/10.0.0.1,/10.0.0.25,500,8,294,1,500
/10.0.0.1,/10.0.0.25,500,8,361,2,500
/10.0.0.1,/10.0.0.25,501,8,315,1,501
/10.0.0.1,/10.0.0.25,501,8,384,2,501
/10.0.0.1,/10.0.0.25,502,8,266,1,502
/10.0.0.1,/10.0.0.25,502,8,334,2,502
/10.0.0.1,/10.0.0.25,503,8,271,1,503
/10.0.0.1,/10.0.0.25,503,8,338,2,503
/10.0.0.1,/10.0.0.25,504,8,259,1,504
/10.0.0.1,/10.0.0.25,504,8,329,2,504
/10.0.0.1,/10.0.0.25,505,8,266,1,505
/10.0.0.1,/10.0.0.25,505,8,337,2,505
/10.0.0.1,/10.0.0.25,506,8,247,1,506
/10.0.0.1,/10.0.0.25,506,8,315,2,506
/10.0.0.1,/10.0.0.25,507,8,259,1,507
/10.0.0.1,/10.0.0.25,507,8,339,2,507
/10.0.0.1,/10.0.0.25,508,8,258,1,508
/10.0.0.1,/10.0.0.25,508,8,325,2,508
/10.0.0.1,/10.0.0.25,509,8,271,1,509
/10.0.0.1,/10.0.0.25,509,8,340,2,509
/10.0.0.1,/10.0.0.25,510,8,269,1,510
/10.0.0.1,/10.0.0.25,510,8,336,2,510
/10.0.0.1,/10.0.0.25,511,8,248,1,511
/10.0.0.1,/10.0.0.25,511,8,316,2,511
/10.0.0.1,/10.0.0.25,512,8,251,1,512
/10.0.0.1,/10.0.0.25,512,8,318,2,512
/10.0.0.1,/10.0.0.25,513,8,287,1,513
/10.0.0.1,/10.0.0.25,513,8,355,2,513
/10.0.0.1,/10.0.0.25,514,8,270,1,514
/10.0.0.1,/10.0.0.25,514,8,336,2,514
/10.0.0.1,/10.0.0.25,515,8,278,1,515
/10.0.0.1,/10.0.0.25,515,8,346,2,515
/10.0.0.1,/10.0.0.25,516,8,282,1,516
/10.0.0.1,/10.0.0.25,516,8,351,2,516
/10.0.0.1,/10.0.0.25,517,8,274,1,517
/10.0.0.1,/10.0.0.25,517,8,341,2,517
/10.0.0.1,/10.0.0.25,518,8,268,1,518
/10.0.0.1,/10.0.0.25,518,8,333,2,518
/10.0.0.1,/10.0.0.25,519,8,245,1,519
/10.0.0.1,/10.0.0.25,519,8,311,2,519
/10.0.0.1,/10.0.0.25,520,8,243,1,520
/10.0.0.1,/10.0.0.25,520,8,309,2,520
/10.0.0.1,/10.0.0.25,521,8,255,1,521
/10.0.0.1,/10.0.0.25,521,8,322,2,521
/10.0.0.1,/10.0.0.25,522,8,254,1,522
/10.0.0.1,/10.0.0.25,522,8,322,2,522
/10.0.0.1,/10.0.0.25,523,8,281,1,523
/10.0.0.1,/10.0.0.25,523,8,364,2,523
/10.0.0.1,/10.0.0.25,524,8,274,1,524
/10.0.0.1,/10.0.0.25,524,8,343,2,524
/10.0.0.1,/10.0.0.25,525,8,272,1,525
/10.0.0.1,/10.0.0.25,525,8,338,2,525
/10.0.0.1,/10.0.0.25,526,8,277,1,526
/10.0.0.1,/10.0.0.25,526,8,342,2,526
/10.0.0.1,/10.0.0.25,527,8,286,1,527
/10.0.0.1,/10.0.0.25,527,8,351,2,527
/10.0.0.1,/10.0.0.25,528,8,263,1,528
/10.0.0.1,/10.0.0.25,528,8,329,2,528
/10.0.0.1,/10.0.0.25,529,8,277,1,529
/10.0.0.1,/10.0.0.25,529,8,344,2,529
/10.0.0.1,/10.0.0.25,530,8,267,1,530
/10.0.0.1,/10.0.0.25,530,8,332,2,530
/10.0.0.1,/10.0.0.25,531,8,260,1,531
/10.0.0.1,/10.0.0.25,531,8,327,2,531
/10.0.0.1,/10.0.0.25,532,8,286,1,532
/10.0.0.1,/10.0.0.25,532,8,355,2,532
/10.0.0.1,/10.0.0.25,533,8,253,1,533
/10.0.0.1,/10.0.0.25,533,8,332,2,533
/10.0.0.1,/10.0.0.25,534,8,264,1,534
/10.0.0.1,/10.0.0.25,534,8,338,2,534
/10.0.0.1,/10.0.0.25,535,8,248,1,535
/10.0.0.1,/10.0.0.25,535,8,315,2,535
/10.0.0.1,/10.0.0.25,536,8,259,1,536
/10.0.0.1,/10.0.0.25,536,8,325,2,536
/10.0.0.1,/10.0.0.25,537,8,269,1,537
/10.0.0.1,/10.0.0.25,537,8,336,2,537
/10.0.0.1,/10.0.0.25,538,8,271,1,538
/10.0.0.1,/10.0.0.25,538,8,338,2,538
/10.0.0.1,/10.0.0.25,539,8,260,1,539
/10.0.0.1,/10.0.0.25,539,8,327,2,539
/10.0.0.1,/10.0.0.25,540,8,290,1,540
/10.0.0.1,/10.0.0.25,540,8,357,2,540
/10.0.0.1,/10.0.0.25,541,8,297,1,541
/10.0.0.1,/10.0.0.25,541,8,365,2,541
/10.0.0.1,/10.0.0.25,542,8,276,1,542
/10.0.0.1,/10.0.0.25,542,8,342,2,542
/10.0.0.1,/10.0.0.25,543,8,260,1,543
/10.0.0.1,/10.0.0.25,543,8,327,2,543
/10.0.0.1,/10.0.0.25,544,8,261,1,544
/10.0.0.1,/10.0.0.25,544,8,326,2,544
/10.0.0.1,/10.0.0.25,545,8,259,1,545
/10.0.0.1,/10.0.0.25,545,8,334,2,545
/10.0.0.1,/10.0.0.25,546,8,255,1,546
/10.0.0.1,/10.0.0.25,546,8,330,2,546
/10.0.0.1,/10.0.0.25,547,8,255,1,547
/10.0.0.1,/10.0.0.25,547,8,321,2,547
/10.0.0.1,/10.0.0.25,548,8,259,1,548
/10.0.0.1,/10.0.0.25,548,8,322,2,548
/10.0.0.1,/10.0.0.25,549,8,263,1,549
/10.0.0.1,/10.0.0.25,549,8,328,2,549
/10.0.0.1,/10.0.0.25,550,8,276,1,550
/10.0.0.1,/10.0.0.25,550,8,352,2,550
/10.0.0.1,/10.0.0.25,551,8,316,1,551
/10.0.0.1,/10.0.0.25,551,8,380,2,551
/10.0.0.1,/10.0.0.25,552,8,278,1,552
/10.0.0.1,/10.0.0.25,552,8,343,2,552
/10.0.0.1,/10.0.0.25,553,8,254,1,553
/10.0.0.1,/10.0.0.25,553,8,318,2,553
/10.0.0.1,/10.0.0.25,554,8,289,1,554
/10.0.0.1,/10.0.0.25,554,8,353,2,554
/10.0.0.1,/10.0.0.25,555,8,271,1,555
/10.0.0.1,/10.0.0.25,555,8,343,2,555
/10.0.0.1,/10.0.0.25,556,8,310,1,556
/10.0.0.1,/10.0.0.25,556,8,376,2,556
/10.0.0.1,/10.0.0.25,557,8,306,1,557
/10.0.0.1,/10.0.0.25,557,8,370,2,557
/10.0.0.1,/10.0.0.25,558,8,267,1,558
/10.0.0.1,/10.0.0.25,558,8,332,2,558
/10.0.0.1,/10.0.0.25,559,8,295,1,559
/10.0.0.1,/10.0.0.25,559,8,360,2,559
/10.0.0.1,/10.0.0.25,560,8,339,1,560
/10.0.0.1,/10.0.0.25,560,8,404,2,560
/10.0.0.1,/10.0.0.25,561,8,290,1,561
/10.0.0.1,/10.0.0.25,561,8,357,2,561
/10.0.0.1,/10.0.0.25,562,8,322,1,562
/10.0.0.1,/10.0.0.25,562,8,403,2,562
/10.0.0.1,/10.0.0.25,563,8,262,1,563
/10.0.0.1,/10.0.0.25,563,8,328,2,563
/10.0.0.1,/10.0.0.25,564,8,265,1,564
/10.0.0.1,/10.0.0.25,564,8,332,2,564
/10.0.0.1,/10.0.0.25,565,8,267,1,565
/10.0.0.1,/10.0.0.25,565,8,333,2,565
/10.0.0.1,/10.0.0.25,566,8,270,1,566
/10.0.0.1,/10.0.0.25,566,8,337,2,566
/10.0.0.1,/10.0.0.25,567,8,250,1,567
/10.0.0.1,/10.0.0.25,567,8,321,2,567
/10.0.0.1,/10.0.0.25,568,8,271,1,568
/10.0.0.1,/10.0.0.25,568,8,337,2,568
/10.0.0.1,/10.0.0.25,569,8,258,1,569
/10.0.0.1,/10.0.0.25,569,8,323,2,569
/10.0.0.1,/10.0.0.25,570,8,265,1,570
/10.0.0.1,/10.0.0.25,570,8,331,2,570
/10.0.0.1,/10.0.0.25,571,8,251,1,571
/10.0.0.1,/10.0.0.25,571,8,318,2,571
/10.0.0.1,/10.0.0.25,572,8,257,1,572
/10.0.0.1,/10.0.0.25,572,8,324,2,572
/10.0.0.1,/10.0.0.25,573,8,259,1,573
/10.0.0.1,/10.0.0.25,573,8,322,2,573
/10.0.0.1,/10.0.0.25,574,8,249,1,574
/10.0.0.1,/10.0.0.25,574,8,323,2,574
/10.0.0.1,/10.0.0.25,575,8,254,1,575
/10.0.0.1,/10.0.0.25,575,8,335,2,575
/10.0.0.1,/10.0.0.25,576,8,247,1,576
/10.0.0.1,/10.0.0.25,576,8,316,2,576
/10.0.0.1,/10.0.0.25,577,8,258,1,577
/10.0.0.1,/10.0.0.25,577,8,323,2,577
/10.0.0.1,/10.0.0.25,578,8,273,1,578
/10.0.0.1,/10.0.0.25,578,8,339,2,578
/10.0.0.1,/10.0.0.25,579,8,269,1,579
/10.0.0.1,/10.0.0.25,579,8,334,2,579
/10.0.0.1,/10.0.0.25,580,8,264,1,580
/10.0.0.1,/10.0.0.25,580,8,330,2,580
/10.0.0.1,/10.0.0.25,581,8,252,1,581
/10.0.0.1,/10.0.0.25,581,8,317,2,581
/10.0.0.1,/10.0.0.25,582,8,308,1,582
/10.0.0.1,/10.0.0.25,582,8,374,2,582
/10.0.0.1,/10.0.0.25,583,8,257,1,583
/10.0.0.1,/10.0.0.25,583,8,324,2,583
/10.0.0.1,/10.0.0.25,584,8,258,1,584
/10.0.0.1,/10.0.0.25,584,8,324,2,584
/10.0.0.1,/10.0.0.25,585,8,262,1,585
/10.0.0.1,/10.0.0.25,585,8,328,2,585
/10.0.0.1,/10.0.0.25,586,8,292,1,586
/10.0.0.1,/10.0.0.25,586,8,357,2,586
/10.0.0.1,/10.0.0.25,587,8,330,1,587
/10.0.0.1,/10.0.0.25,587,8,394,2,587
/10.0.0.1,/10.0.0.25,588,8,275,1,588
/10.0.0.1,/10.0.0.25,588,8,345,2,588
/10.0.0.1,/10.0.0.25,589,8,263,1,589
/10.0.0.1,/10.0.0.25,589,8,328,2,589
/10.0.0.1,/10.0.0.25,590,8,254,1,590
/10.0.0.1,/10.0.0.25,590,8,320,2,590
/10.0.0.1,/10.0.0.25,591,8,262,1,591
/10.0.0.1,/10.0.0.25,591,8,327,2,591
/10.0.0.1,/10.0.0.25,592,8,288,1,592
/10.0.0.1,/10.0.0.25,592,8,353,2,592
/10.0.0.1,/10.0.0.25,593,8,252,1,593
/10.0.0.1,/10.0.0.25,593,8,338,2,593
/10.0.0.1,/10.0.0.25,594,8,262,1,594
/10.0.0.1,/10.0.0.25,594,8,326,2,594
/10.0.0.1,/10.0.0.25,595,8,266,1,595
/10.0.0.1,/10.0.0.25,595,8,330,2,595
/10.0.0.1,/10.0.0.25,596,8,309,1,596
/10.0.0.1,/10.0.0.25,596,8,378,2,596
/10.0.0.1,/10.0.0.25,597,8,407,1,597
/10.0.0.1,/10.0.0.25,597,8,475,2,597
/10.0.0.1,/10.0.0.25,598,8,260,1,598
/10.0.0.1,/10.0.0.25,598,8,325,2,598
/10.0.0.1,/10.0.0.25,599,8,257,1,599
/10.0.0.1,/10.0.0.25,599,8,322,2,599
/10.0.0.1,/10.0.0.25,600,8,255,1,600
/10.0.0.1,/10.0.0.25,600,8,322,2,600
/10.0.0.1,/10.0.0.25,601,8,262,1,601
/10.0.0.1,/10.0.0.25,601,8,335,2,601
/10.0.0.1,/10.0.0.25,602,8,254,1,602
/10.0.0.1,/10.0.0.25,602,8,322,2,602
/10.0.0.1,/10.0.0.25,603,8,248,1,603
/10.0.0.1,/10.0.0.25,603,8,314,2,603
/10.0.0.1,/10.0.0.25,604,8,260,1,604
/10.0.0.1,/10.0.0.25,604,8,325,2,604
/10.0.0.1,/10.0.0.25,605,8,286,1,605
/10.0.0.1,/10.0.0.25,605,8,355,2,605
/10.0.0.1,/10.0.0.25,606,8,265,1,606
/10.0.0.1,/10.0.0.25,606,8,332,2,606
/10.0.0.1,/10.0.0.25,607,8,290,1,607
/10.0.0.1,/10.0.0.25,607,8,357,2,607
/10.0.0.1,/10.0.0.25,608,8,289,1,608
/10.0.0.1,/10.0.0.25,608,8,357,2,608
/10.0.0.1,/10.0.0.25,609,8,289,1,609
/10.0.0.1,/10.0.0.25,609,8,355,2,609
/10.0.0.1,/10.0.0.25,610,8,267,1,610
/10.0.0.1,/10.0.0.25,610,8,331,2,610
/10.0.0.1,/10.0.0.25,611,8,278,1,611
/10.0.0.1,/10.0.0.25,611,8,342,2,611
/10.0.0.1,/10.0.0.25,612,8,265,1,612
/10.0.0.1,/10.0.0.25,612,8,329,2,612
/10.0.0.1,/10.0.0.25,613,8,263,1,613
/10.0.0.1,/10.0.0.25,613,8,327,2,613
/10.0.0.1,/10.0.0.25,614,8,283,1,614
/10.0.0.1,/10.0.0.25,614,8,348,2,614
/10.0.0.1,/10.0.0.25,615,8,279,1,615
/10.0.0.1,/10.0.0.25,615,8,343,2,615
/10.0.0.1,/10.0.0.25,616,8,297,1,616
/10.0.0.1,/10.0.0.25,616,8,362,2,616
/10.0.0.1,/10.0.0.25,617,8,253,1,617
/10.0.0.1,/10.0.0.25,617,8,373,2,617
/10.0.0.1,/10.0.0.25,618,8,259,1,618
/10.0.0.1,/10.0.0.25,618,8,326,2,618
/10.0.0.1,/10.0.0.25,619,8,261,1,619
/10.0.0.1,/10.0.0.25,619,8,329,2,619
/10.0.0.1,/10.0.0.25,620,8,279,1,620
/10.0.0.1,/10.0.0.25,620,8,353,2,620
/10.0.0.1,/10.0.0.25,621,8,273,1,621
/10.0.0.1,/10.0.0.25,621,8,339,2,621
/10.0.0.1,/10.0.0.25,622,8,302,1,622
/10.0.0.1,/10.0.0.25,622,8,374,2,622
/10.0.0.1,/10.0.0.25,623,8,274,1,623
/10.0.0.1,/10.0.0.25,623,8,341,2,623
/10.0.0.1,/10.0.0.25,624,8,335,1,624
/10.0.0.1,/10.0.0.25,624,8,428,2,624
/10.0.0.1,/10.0.0.25,625,8,288,1,625
/10.0.0.1,/10.0.0.25,625,8,353,2,625
/10.0.0.1,/10.0.0.25,626,8,276,1,626
/10.0.0.1,/10.0.0.25,626,8,342,2,626
/10.0.0.1,/10.0.0.25,627,8,323,1,627
/10.0.0.1,/10.0.0.25,627,8,388,2,627
/10.0.0.1,/10.0.0.25,628,8,321,1,628
/10.0.0.1,/10.0.0.25,628,8,386,2,628
/10.0.0.1,/10.0.0.25,629,8,269,1,629
/10.0.0.1,/10.0.0.25,629,8,336,2,629
/10.0.0.1,/10.0.0.25,630,8,260,1,630
/10.0.0.1,/10.0.0.25,630,8,333,2,630
/10.0.0.1,/10.0.0.25,631,8,390,1,631
/10.0.0.1,/10.0.0.25,632,8,344,1,632
/10.0.0.1,/10.0.0.25,632,8,411,2,632
/10.0.0.1,/10.0.0.25,633,8,264,1,633
/10.0.0.1,/10.0.0.25,633,8,342,2,633
/10.0.0.1,/10.0.0.25,634,8,265,1,634
/10.0.0.1,/10.0.0.25,634,8,332,2,634
/10.0.0.1,/10.0.0.25,635,8,275,1,635
/10.0.0.1,/10.0.0.25,635,8,341,2,635
/10.0.0.1,/10.0.0.25,636,8,246,1,636
/10.0.0.1,/10.0.0.25,636,8,312,2,636
/10.0.0.1,/10.0.0.25,637,8,286,1,637
/10.0.0.1,/10.0.0.25,637,8,353,2,637
/10.0.0.1,/10.0.0.25,638,8,285,1,638
/10.0.0.1,/10.0.0.25,638,8,352,2,638
/10.0.0.1,/10.0.0.25,639,8,267,1,639
/10.0.0.1,/10.0.0.25,639,8,334,2,639
/10.0.0.1,/10.0.0.25,640,8,305,1,640
/10.0.0.1,/10.0.0.25,640,8,372,2,640
/10.0.0.1,/10.0.0.25,641,8,265,1,641
/10.0.0.1,/10.0.0.25,642,8,266,1,642
/10.0.0.1,/10.0.0.25,642,8,331,2,642
/10.0.0.1,/10.0.0.25,643,8,280,1,643
/10.0.0.1,/10.0.0.25,643,8,345,2,643
/10.0.0.1,/10.0.0.25,644,8,260,1,644
/10.0.0.1,/10.0.0.25,644,8,326,2,644
/10.0.0.1,/10.0.0.25,645,8,271,1,645
/10.0.0.1,/10.0.0.25,645,8,335,2,645
/10.0.0.1,/10.0.0.25,646,8,291,1,646
/10.0.0.1,/10.0.0.25,646,8,356,2,646
/10.0.0.1,/10.0.0.25,647,8,257,1,647
/10.0.0.1,/10.0.0.25,647,8,335,2,647
/10.0.0.1,/10.0.0.25,648,8,285,1,648
/10.0.0.1,/10.0.0.25,648,8,351,2,648
/10.0.0.1,/10.0.0.25,649,8,273,1,649
/10.0.0.1,/10.0.0.25,649,8,338,2,649
/10.0.0.1,/10.0.0.25,650,8,264,1,650
/10.0.0.1,/10.0.0.25,650,8,331,2,650
/10.0.0.1,/10.0.0.25,651,8,287,1,651
/10.0.0.1,/10.0.0.25,651,8,352,2,651
/10.0.0.1,/10.0.0.25,652,8,293,1,652
/10.0.0.1,/10.0.0.25,652,8,361,2,652
/10.0.0.1,/10.0.0.25,653,8,276,1,653
/10.0.0.1,/10.0.0.25,653,8,342,2,653
/10.0.0.1,/10.0.0.25,654,8,297,1,654
/10.0.0.1,/10.0.0.25,654,8,362,2,654
/10.0.0.1,/10.0.0.25,655,8,268,1,655
/10.0.0.1,/10.0.0.25,655,8,334,2,655
/10.0.0.1,/10.0.0.25,656,8,277,1,656
/10.0.0.1,/10.0.0.25,656,8,342,2,656
/10.0.0.1,/10.0.0.25,657,8,307,1,657
/10.0.0.1,/10.0.0.25,657,8,373,2,657
/10.0.0.1,/10.0.0.25,658,8,300,1,658
/10.0.0.1,/10.0.0.25,658,8,365,2,658
/10.0.0.1,/10.0.0.25,659,8,308,1,659
/10.0.0.1,/10.0.0.25,659,8,374,2,659
/10.0.0.1,/10.0.0.25,660,8,275,1,660
/10.0.0.1,/10.0.0.25,660,8,342,2,660
/10.0.0.1,/10.0.0.25,661,8,323,1,661
/10.0.0.1,/10.0.0.25,661,8,391,2,661
/10.0.0.1,/10.0.0.25,662,8,266,1,662
/10.0.0.1,/10.0.0.25,662,8,333,2,662
/10.0.0.1,/10.0.0.25,663,8,253,1,663
/10.0.0.1,/10.0.0.25,663,8,321,2,663
/10.0.0.1,/10.0.0.25,664,8,263,1,664
/10.0.0.1,/10.0.0.25,664,8,332,2,664
/10.0.0.1,/10.0.0.25,665,8,261,1,665
/10.0.0.1,/10.0.0.25,665,8,344,2,665
/10.0.0.1,/10.0.0.25,666,8,262,1,666
/10.0.0.1,/10.0.0.25,666,8,344,2,666
/10.0.0.1,/10.0.0.25,667,8,326,1,667
/10.0.0.1,/10.0.0.25,667,8,392,2,667
/10.0.0.1,/10.0.0.25,668,8,269,1,668
/10.0.0.1,/10.0.0.25,668,8,337,2,668
/10.0.0.1,/10.0.0.25,669,8,321,1,669
/10.0.0.1,/10.0.0.25,669,8,391,2,669
/10.0.0.1,/10.0.0.25,670,8,273,1,670
/10.0.0.1,/10.0.0.25,670,8,339,2,670
/10.0.0.1,/10.0.0.25,671,8,384,1,671
/10.0.0.1,/10.0.0.25,671,8,451,2,671
/10.0.0.1,/10.0.0.25,672,8,297,1,672
/10.0.0.1,/10.0.0.25,672,8,364,2,672
/10.0.0.1,/10.0.0.25,673,8,303,1,673
/10.0.0.1,/10.0.0.25,673,8,369,2,673
/10.0.0.1,/10.0.0.25,674,8,319,1,674
/10.0.0.1,/10.0.0.25,674,8,386,2,674
/10.0.0.1,/10.0.0.25,675,8,271,1,675
/10.0.0.1,/10.0.0.25,675,8,336,2,675
/10.0.0.1,/10.0.0.25,676,8,312,1,676
/10.0.0.1,/10.0.0.25,676,8,377,2,676
/10.0.0.1,/10.0.0.25,677,8,291,1,677
/10.0.0.1,/10.0.0.25,677,8,357,2,677
/10.0.0.1,/10.0.0.25,678,8,246,1,678
/10.0.0.1,/10.0.0.25,678,8,321,2,678
/10.0.0.1,/10.0.0.25,679,8,261,1,679
/10.0.0.1,/10.0.0.25,679,8,326,2,679
/10.0.0.1,/10.0.0.25,680,8,276,1,680
/10.0.0.1,/10.0.0.25,680,8,341,2,680
/10.0.0.1,/10.0.0.25,681,8,278,1,681
/10.0.0.1,/10.0.0.25,681,8,343,2,681
/10.0.0.1,/10.0.0.25,682,8,280,1,682
/10.0.0.1,/10.0.0.25,682,8,346,2,682
/10.0.0.1,/10.0.0.25,683,8,258,1,683
/10.0.0.1,/10.0.0.25,683,8,341,2,683
/10.0.0.1,/10.0.0.25,684,8,257,1,684
/10.0.0.1,/10.0.0.25,684,8,323,2,684
/10.0.0.1,/10.0.0.25,685,8,260,1,685
/10.0.0.1,/10.0.0.25,685,8,326,2,685
/10.0.0.1,/10.0.0.25,686,8,267,1,686
/10.0.0.1,/10.0.0.25,686,8,334,2,686
/10.0.0.1,/10.0.0.25,687,8,268,1,687
/10.0.0.1,/10.0.0.25,687,8,335,2,687
/10.0.0.1,/10.0.0.25,688,8,287,1,688
/10.0.0.1,/10.0.0.25,688,8,354,2,688
/10.0.0.1,/10.0.0.25,689,8,268,1,689
/10.0.0.1,/10.0.0.25,690,8,262,1,690
/10.0.0.1,/10.0.0.25,690,8,328,2,690
/10.0.0.1,/10.0.0.25,691,8,277,1,691
/10.0.0.1,/10.0.0.25,691,8,344,2,691
/10.0.0.1,/10.0.0.25,692,8,263,1,692
/10.0.0.1,/10.0.0.25,692,8,331,2,692
/10.0.0.1,/10.0.0.25,693,8,251,1,693
/10.0.0.1,/10.0.0.25,693,8,335,2,693
/10.0.0.1,/10.0.0.25,694,8,270,1,694
/10.0.0.1,/10.0.0.25,694,8,335,2,694
/10.0.0.1,/10.0.0.25,695,8,255,1,695
/10.0.0.1,/10.0.0.25,695,8,333,2,695
/10.0.0.1,/10.0.0.25,696,8,267,1,696
/10.0.0.1,/10.0.0.25,696,8,341,2,696
/10.0.0.1,/10.0.0.25,697,8,251,1,697
/10.0.0.1,/10.0.0.25,697,8,316,2,697
/10.0.0.1,/10.0.0.25,698,8,262,1,698
/10.0.0.1,/10.0.0.25,698,8,328,2,698
/10.0.0.1,/10.0.0.25,699,8,272,1,699
/10.0.0.1,/10.0.0.25,699,8,339,2,699
/10.0.0.1,/10.0.0.25,700,8,297,1,700
/10.0.0.1,/10.0.0.25,700,8,378,2,700
/10.0.0.1,/10.0.0.25,701,8,272,1,701
/10.0.0.1,/10.0.0.25,701,8,340,2,701
/10.0.0.1,/10.0.0.25,702,8,287,1,702
/10.0.0.1,/10.0.0.25,702,8,353,2,702
/10.0.0.1,/10.0.0.25,703,8,305,1,703
/10.0.0.1,/10.0.0.25,703,8,381,2,703
/10.0.0.1,/10.0.0.25,704,8,312,1,704
/10.0.0.1,/10.0.0.25,704,8,404,2,704
/10.0.0.1,/10.0.0.25,705,8,267,1,705
/10.0.0.1,/10.0.0.25,705,8,334,2,705
/10.0.0.1,/10.0.0.25,706,8,269,1,706
/10.0.0.1,/10.0.0.25,706,8,336,2,706
/10.0.0.1,/10.0.0.25,707,8,263,1,707
/10.0.0.1,/10.0.0.25,707,8,330,2,707
/10.0.0.1,/10.0.0.25,708,8,314,1,708
/10.0.0.1,/10.0.0.25,708,8,380,2,708
/10.0.0.1,/10.0.0.25,709,8,253,1,709
/10.0.0.1,/10.0.0.25,709,8,322,2,709
/10.0.0.1,/10.0.0.25,710,8,253,1,710
/10.0.0.1,/10.0.0.25,710,8,332,2,710
/10.0.0.1,/10.0.0.25,711,8,290,1,711
/10.0.0.1,/10.0.0.25,711,8,357,2,711
/10.0.0.1,/10.0.0.25,712,8,253,1,712
/10.0.0.1,/10.0.0.25,712,8,332,2,712
/10.0.0.1,/10.0.0.25,713,8,361,1,713
/10.0.0.1,/10.0.0.25,714,8,276,1,714
/10.0.0.1,/10.0.0.25,714,8,355,2,714
/10.0.0.1,/10.0.0.25,715,8,270,1,715
/10.0.0.1,/10.0.0.25,715,8,336,2,715
/10.0.0.1,/10.0.0.25,716,8,267,1,716
/10.0.0.1,/10.0.0.25,716,8,336,2,716
/10.0.0.1,/10.0.0.25,717,8,276,1,717
/10.0.0.1,/10.0.0.25,717,8,346,2,717
/10.0.0.1,/10.0.0.25,718,8,285,1,718
/10.0.0.1,/10.0.0.25,718,8,351,2,718
/10.0.0.1,/10.0.0.25,719,8,263,1,719
/10.0.0.1,/10.0.0.25,719,8,330,2,719
/10.0.0.1,/10.0.0.25,720,8,265,1,720
/10.0.0.1,/10.0.0.25,720,8,342,2,720
/10.0.0.1,/10.0.0.25,721,8,302,1,721
/10.0.0.1,/10.0.0.25,721,8,368,2,721
/10.0.0.1,/10.0.0.25,722,8,294,1,722
/10.0.0.1,/10.0.0.25,722,8,363,2,722
/10.0.0.1,/10.0.0.25,723,8,311,1,723
/10.0.0.1,/10.0.0.25,723,8,379,2,723
/10.0.0.1,/10.0.0.25,724,8,260,1,724
/10.0.0.1,/10.0.0.25,724,8,327,2,724
/10.0.0.1,/10.0.0.25,725,8,268,1,725
/10.0.0.1,/10.0.0.25,725,8,337,2,725
/10.0.0.1,/10.0.0.25,726,8,266,1,726
/10.0.0.1,/10.0.0.25,726,8,341,2,726
/10.0.0.1,/10.0.0.25,727,8,261,1,727
/10.0.0.1,/10.0.0.25,727,8,328,2,727
/10.0.0.1,/10.0.0.25,728,8,270,1,728
/10.0.0.1,/10.0.0.25,728,8,338,2,728
/10.0.0.1,/10.0.0.25,729,8,256,1,729
/10.0.0.1,/10.0.0.25,729,8,345,2,729
/10.0.0.1,/10.0.0.25,730,8,253,1,730
/10.0.0.1,/10.0.0.25,730,8,320,2,730
/10.0.0.1,/10.0.0.25,731,8,269,1,731
/10.0.0.1,/10.0.0.25,731,8,346,2,731
/10.0.0.1,/10.0.0.25,732,8,264,1,732
/10.0.0.1,/10.0.0.25,732,8,331,2,732
/10.0.0.1,/10.0.0.25,733,8,295,1,733
/10.0.0.1,/10.0.0.25,733,8,362,2,733
/10.0.0.1,/10.0.0.25,734,8,279,1,734
/10.0.0.1,/10.0.0.25,734,8,348,2,734
/10.0.0.1,/10.0.0.25,735,8,286,1,735
/10.0.0.1,/10.0.0.25,735,8,352,2,735
/10.0.0.1,/10.0.0.25,736,8,267,1,736
/10.0.0.1,/10.0.0.25,736,8,333,2,736
/10.0.0.1,/10.0.0.25,737,8,276,1,737
/10.0.0.1,/10.0.0.25,737,8,343,2,737
/10.0.0.1,/10.0.0.25,738,8,271,1,738
/10.0.0.1,/10.0.0.25,738,8,337,2,738
/10.0.0.1,/10.0.0.25,739,8,273,1,739
/10.0.0.1,/10.0.0.25,739,8,344,2,739
/10.0.0.1,/10.0.0.25,740,8,264,1,740
/10.0.0.1,/10.0.0.25,740,8,331,2,740
/10.0.0.1,/10.0.0.25,741,8,269,1,741
/10.0.0.1,/10.0.0.25,741,8,334,2,741
/10.0.0.1,/10.0.0.25,742,8,282,1,742
/10.0.0.1,/10.0.0.25,742,8,350,2,742
/10.0.0.1,/10.0.0.25,743,8,264,1,743
/10.0.0.1,/10.0.0.25,743,8,338,2,743
/10.0.0.1,/10.0.0.25,744,8,252,1,744
/10.0.0.1,/10.0.0.25,744,8,320,2,744
/10.0.0.1,/10.0.0.25,745,8,271,1,745
/10.0.0.1,/10.0.0.25,745,8,336,2,745
/10.0.0.1,/10.0.0.25,746,8,271,1,746
/10.0.0.1,/10.0.0.25,746,8,339,2,746
/10.0.0.1,/10.0.0.25,747,8,280,1,747
/10.0.0.1,/10.0.0.25,747,8,346,2,747
/10.0.0.1,/10.0.0.25,748,8,280,1,748
/10.0.0.1,/10.0.0.25,748,8,347,2,748
/10.0.0.1,/10.0.0.25,749,8,289,1,749
/10.0.0.1,/10.0.0.25,749,8,354,2,749
/10.0.0.1,/10.0.0.25,750,8,281,1,750
/10.0.0.1,/10.0.0.25,750,8,346,2,750
/10.0.0.1,/10.0.0.25,751,8,296,1,751
/10.0.0.1,/10.0.0.25,751,8,362,2,751
/10.0.0.1,/10.0.0.25,752,8,301,1,752
/10.0.0.1,/10.0.0.25,752,8,367,2,752
/10.0.0.1,/10.0.0.25,753,8,315,1,753
/10.0.0.1,/10.0.0.25,753,8,381,2,753
/10.0.0.1,/10.0.0.25,754,8,272,1,754
/10.0.0.1,/10.0.0.25,754,8,338,2,754
/10.0.0.1,/10.0.0.25,755,8,309,1,755
/10.0.0.1,/10.0.0.25,755,8,375,2,755
/10.0.0.1,/10.0.0.25,756,8,262,1,756
/10.0.0.1,/10.0.0.25,756,8,328,2,756
/10.0.0.1,/10.0.0.25,757,8,254,1,757
/10.0.0.1,/10.0.0.25,757,8,359,2,757
/10.0.0.1,/10.0.0.25,758,8,272,1,758
/10.0.0.1,/10.0.0.25,758,8,342,2,758
/10.0.0.1,/10.0.0.25,759,8,286,1,759
/10.0.0.1,/10.0.0.25,759,8,351,2,759
/10.0.0.1,/10.0.0.25,760,8,268,1,760
/10.0.0.1,/10.0.0.25,760,8,355,2,760
/10.0.0.1,/10.0.0.25,761,8,280,1,761
/10.0.0.1,/10.0.0.25,761,8,357,2,761
/10.0.0.1,/10.0.0.25,762,8,277,1,762
/10.0.0.1,/10.0.0.25,762,8,343,2,762
/10.0.0.1,/10.0.0.25,763,8,277,1,763
/10.0.0.1,/10.0.0.25,763,8,344,2,763
/10.0.0.1,/10.0.0.25,764,8,287,1,764
/10.0.0.1,/10.0.0.25,764,8,354,2,764
/10.0.0.1,/10.0.0.25,765,8,277,1,765
/10.0.0.1,/10.0.0.25,765,8,343,2,765
/10.0.0.1,/10.0.0.25,766,8,291,1,766
/10.0.0.1,/10.0.0.25,766,8,359,2,766
/10.0.0.1,/10.0.0.25,767,8,272,1,767
/10.0.0.1,/10.0.0.25,767,8,341,2,767
/10.0.0.1,/10.0.0.25,768,8,264,1,768
/10.0.0.1,/10.0.0.25,768,8,329,2,768
/10.0.0.1,/10.0.0.25,769,8,267,1,769
/10.0.0.1,/10.0.0.25,769,8,333,2,769
/10.0.0.1,/10.0.0.25,770,8,257,1,770
/10.0.0.1,/10.0.0.25,770,8,344,2,770
/10.0.0.1,/10.0.0.25,771,8,273,1,771
/10.0.0.1,/10.0.0.25,771,8,358,2,771
/10.0.0.1,/10.0.0.25,772,8,257,1,772
/10.0.0.1,/10.0.0.25,772,8,323,2,772
/10.0.0.1,/10.0.0.25,773,8,265,1,773
/10.0.0.1,/10.0.0.25,773,8,350,2,773
/10.0.0.1,/10.0.0.25,774,8,266,1,774
/10.0.0.1,/10.0.0.25,774,8,332,2,774
/10.0.0.1,/10.0.0.25,775,8,264,1,775
/10.0.0.1,/10.0.0.25,775,8,330,2,775
/10.0.0.1,/10.0.0.25,776,8,282,1,776
/10.0.0.1,/10.0.0.25,776,8,348,2,776
/10.0.0.1,/10.0.0.25,777,8,280,1,777
/10.0.0.1,/10.0.0.25,777,8,347,2,777
/10.0.0.1,/10.0.0.25,778,8,294,1,778
/10.0.0.1,/10.0.0.25,778,8,361,2,778
/10.0.0.1,/10.0.0.25,779,8,288,1,779
/10.0.0.1,/10.0.0.25,779,8,354,2,779
/10.0.0.1,/10.0.0.25,780,8,289,1,780
/10.0.0.1,/10.0.0.25,780,8,355,2,780
/10.0.0.1,/10.0.0.25,781,8,262,1,781
/10.0.0.1,/10.0.0.25,781,8,327,2,781
/10.0.0.1,/10.0.0.25,782,8,324,1,782
/10.0.0.1,/10.0.0.25,782,8,390,2,782
/10.0.0.1,/10.0.0.25,783,8,269,1,783
/10.0.0.1,/10.0.0.25,783,8,338,2,783
/10.0.0.1,/10.0.0.25,784,8,269,1,784
/10.0.0.1,/10.0.0.25,784,8,335,2,784
/10.0.0.1,/10.0.0.25,785,8,299,1,785
/10.0.0.1,/10.0.0.25,785,8,366,2,785
/10.0.0.1,/10.0.0.25,786,8,250,1,786
/10.0.0.1,/10.0.0.25,786,8,328,2,786
/10.0.0.1,/10.0.0.25,787,8,250,1,787
/10.0.0.1,/10.0.0.25,787,8,316,2,787
/10.0.0.1,/10.0.0.25,788,8,252,1,788
/10.0.0.1,/10.0.0.25,788,8,319,2,788
/10.0.0.1,/10.0.0.25,789,8,258,1,789
/10.0.0.1,/10.0.0.25,789,8,327,2,789
/10.0.0.1,/10.0.0.25,790,8,258,1,790
/10.0.0.1,/10.0.0.25,790,8,326,2,790
/10.0.0.1,/10.0.0.25,791,8,308,1,791
/10.0.0.1,/10.0.0.25,792,8,272,1,792
/10.0.0.1,/10.0.0.25,792,8,338,2,792
/10.0.0.1,/10.0.0.25,793,8,251,1,793
/10.0.0.1,/10.0.0.25,793,8,317,2,793
/10.0.0.1,/10.0.0.25,794,8,259,1,794
/10.0.0.1,/10.0.0.25,794,8,326,2,794
/10.0.0.1,/10.0.0.25,795,8,268,1,795
/10.0.0.1,/10.0.0.25,795,8,334,2,795
/10.0.0.1,/10.0.0.25,796,8,270,1,796
/10.0.0.1,/10.0.0.25,796,8,339,2,796
/10.0.0.1,/10.0.0.25,797,8,254,1,797
/10.0.0.1,/10.0.0.25,797,8,320,2,797
/10.0.0.1,/10.0.0.25,798,8,262,1,798
/10.0.0.1,/10.0.0.25,798,8,329,2,798
/10.0.0.1,/10.0.0.25,799,8,260,1,799
/10.0.0.1,/10.0.0.25,799,8,327,2,799
/10.0.0.1,/10.0.0.25,800,8,275,1,800
/10.0.0.1,/10.0.0.25,800,8,342,2,800
/10.0.0.1,/10.0.0.25,801,8,251,1,801
/10.0.0.1,/10.0.0.25,801,8,318,2,801
/10.0.0.1,/10.0.0.25,802,8,262,1,802
/10.0.0.1,/10.0.0.25,802,8,341,2,802
/10.0.0.1,/10.0.0.25,803,8,280,1,803
/10.0.0.1,/10.0.0.25,803,8,378,2,803
/10.0.0.1,/10.0.0.25,804,8,259,1,804
/10.0.0.1,/10.0.0.25,804,8,325,2,804
/10.0.0.1,/10.0.0.25,805,8,296,1,805
/10.0.0.1,/10.0.0.25,805,8,366,2,805
/10.0.0.1,/10.0.0.25,806,8,279,1,806
/10.0.0.1,/10.0.0.25,806,8,349,2,806
/10.0.0.1,/10.0.0.25,807,8,281,1,807
/10.0.0.1,/10.0.0.25,807,8,350,2,807
/10.0.0.1,/10.0.0.25,808,8,277,1,808
/10.0.0.1,/10.0.0.25,808,8,357,2,808
/10.0.0.1,/10.0.0.25,809,8,306,1,809
/10.0.0.1,/10.0.0.25,809,8,372,2,809
/10.0.0.1,/10.0.0.25,810,8,296,1,810
/10.0.0.1,/10.0.0.25,810,8,363,2,810
/10.0.0.1,/10.0.0.25,811,8,279,1,811
/10.0.0.1,/10.0.0.25,811,8,348,2,811
/10.0.0.1,/10.0.0.25,812,8,313,1,812
/10.0.0.1,/10.0.0.25,812,8,380,2,812
/10.0.0.1,/10.0.0.25,813,8,269,1,813
/10.0.0.1,/10.0.0.25,813,8,335,2,813
/10.0.0.1,/10.0.0.25,814,8,311,1,814
/10.0.0.1,/10.0.0.25,814,8,379,2,814
/10.0.0.1,/10.0.0.25,815,8,290,1,815
/10.0.0.1,/10.0.0.25,815,8,357,2,815
/10.0.0.1,/10.0.0.25,816,8,310,1,816
/10.0.0.1,/10.0.0.25,816,8,378,2,816
/10.0.0.1,/10.0.0.25,817,8,257,1,817
/10.0.0.1,/10.0.0.25,817,8,323,2,817
/10.0.0.1,/10.0.0.25,818,8,301,1,818
/10.0.0.1,/10.0.0.25,818,8,370,2,818
/10.0.0.1,/10.0.0.25,819,8,269,1,819
/10.0.0.1,/10.0.0.25,819,8,336,2,819
/10.0.0.1,/10.0.0.25,820,8,310,1,820
/10.0.0.1,/10.0.0.25,820,8,377,2,820
/10.0.0.1,/10.0.0.25,821,8,288,1,821
/10.0.0.1,/10.0.0.25,821,8,355,2,821
/10.0.0.1,/10.0.0.25,822,8,278,1,822
/10.0.0.1,/10.0.0.25,822,8,345,2,822
/10.0.0.1,/10.0.0.25,823,8,314,1,823
/10.0.0.1,/10.0.0.25,823,8,392,2,823
/10.0.0.1,/10.0.0.25,824,8,286,1,824
/10.0.0.1,/10.0.0.25,824,8,355,2,824
/10.0.0.1,/10.0.0.25,825,8,312,1,825
/10.0.0.1,/10.0.0.25,825,8,381,2,825
/10.0.0.1,/10.0.0.25,826,8,266,1,826
/10.0.0.1,/10.0.0.25,826,8,333,2,826
/10.0.0.1,/10.0.0.25,827,8,264,1,827
/10.0.0.1,/10.0.0.25,827,8,331,2,827
/10.0.0.1,/10.0.0.25,828,8,274,1,828
/10.0.0.1,/10.0.0.25,828,8,340,2,828
/10.0.0.1,/10.0.0.25,829,8,279,1,829
/10.0.0.1,/10.0.0.25,829,8,348,2,829
/10.0.0.1,/10.0.0.25,830,8,303,1,830
/10.0.0.1,/10.0.0.25,830,8,369,2,830
/10.0.0.1,/10.0.0.25,831,8,260,1,831
/10.0.0.1,/10.0.0.25,831,8,329,2,831
/10.0.0.1,/10.0.0.25,832,8,283,1,832
/10.0.0.1,/10.0.0.25,832,8,357,2,832
/10.0.0.1,/10.0.0.25,833,8,270,1,833
/10.0.0.1,/10.0.0.25,833,8,337,2,833
/10.0.0.1,/10.0.0.25,834,8,276,1,834
/10.0.0.1,/10.0.0.25,834,8,346,2,834
/10.0.0.1,/10.0.0.25,835,8,284,1,835
/10.0.0.1,/10.0.0.25,835,8,353,2,835
/10.0.0.1,/10.0.0.25,836,8,264,1,836
/10.0.0.1,/10.0.0.25,836,8,333,2,836
/10.0.0.1,/10.0.0.25,837,8,317,1,837
/10.0.0.1,/10.0.0.25,837,8,382,2,837
/10.0.0.1,/10.0.0.25,838,8,299,1,838
/10.0.0.1,/10.0.0.25,838,8,366,2,838
/10.0.0.1,/10.0.0.25,839,8,281,1,839
/10.0.0.1,/10.0.0.25,839,8,349,2,839
/10.0.0.1,/10.0.0.25,840,8,316,1,840
/10.0.0.1,/10.0.0.25,840,8,383,2,840
/10.0.0.1,/10.0.0.25,841,8,261,1,841
/10.0.0.1,/10.0.0.25,841,8,328,2,841
/10.0.0.1,/10.0.0.25,842,8,267,1,842
/10.0.0.1,/10.0.0.25,842,8,334,2,842
/10.0.0.1,/10.0.0.25,843,8,274,1,843
/10.0.0.1,/10.0.0.25,843,8,341,2,843
/10.0.0.1,/10.0.0.25,844,8,254,1,844
/10.0.0.1,/10.0.0.25,844,8,322,2,844
/10.0.0.1,/10.0.0.25,845,8,272,1,845
/10.0.0.1,/10.0.0.25,845,8,354,2,845
/10.0.0.1,/10.0.0.25,846,8,257,1,846
/10.0.0.1,/10.0.0.25,846,8,325,2,846
/10.0.0.1,/10.0.0.25,847,8,261,1,847
/10.0.0.1,/10.0.0.25,847,8,327,2,847
/10.0.0.1,/10.0.0.25,848,8,265,1,848
/10.0.0.1,/10.0.0.25,848,8,333,2,848
/10.0.0.1,/10.0.0.25,849,8,251,1,849
/10.0.0.1,/10.0.0.25,849,8,317,2,849
/10.0.0.1,/10.0.0.25,850,8,264,1,850
/10.0.0.1,/10.0.0.25,850,8,330,2,850
/10.0.0.1,/10.0.0.25,851,8,295,1,851
/10.0.0.1,/10.0.0.25,851,8,362,2,851
/10.0.0.1,/10.0.0.25,852,8,284,1,852
/10.0.0.1,/10.0.0.25,852,8,360,2,852
/10.0.0.1,/10.0.0.25,853,8,277,1,853
/10.0.0.1,/10.0.0.25,853,8,343,2,853
/10.0.0.1,/10.0.0.25,854,8,257,1,854
/10.0.0.1,/10.0.0.25,854,8,323,2,854
/10.0.0.1,/10.0.0.25,855,8,260,1,855
/10.0.0.1,/10.0.0.25,855,8,325,2,855
/10.0.0.1,/10.0.0.25,856,8,246,1,856
/10.0.0.1,/10.0.0.25,856,8,331,2,856
/10.0.0.1,/10.0.0.25,857,8,293,1,857
/10.0.0.1,/10.0.0.25,857,8,357,2,857
/10.0.0.1,/10.0.0.25,858,8,247,1,858
/10.0.0.1,/10.0.0.25,858,8,314,2,858
/10.0.0.1,/10.0.0.25,859,8,272,1,859
/10.0.0.1,/10.0.0.25,859,8,357,2,859
/10.0.0.1,/10.0.0.25,860,8,302,1,860
/10.0.0.1,/10.0.0.25,860,8,367,2,860
/10.0.0.1,/10.0.0.25,861,8,270,1,861
/10.0.0.1,/10.0.0.25,861,8,335,2,861
/10.0.0.1,/10.0.0.25,862,8,279,1,862
/10.0.0.1,/10.0.0.25,862,8,354,2,862
/10.0.0.1,/10.0.0.25,863,8,266,1,863
/10.0.0.1,/10.0.0.25,863,8,332,2,863
/10.0.0.1,/10.0.0.25,864,8,289,1,864
/10.0.0.1,/10.0.0.25,864,8,355,2,864
/10.0.0.1,/10.0.0.25,865,8,310,1,865
/10.0.0.1,/10.0.0.25,865,8,375,2,865
/10.0.0.1,/10.0.0.25,866,8,264,1,866
/10.0.0.1,/10.0.0.25,866,8,329,2,866
/10.0.0.1,/10.0.0.25,867,8,275,1,867
/10.0.0.1,/10.0.0.25,867,8,341,2,867
/10.0.0.1,/10.0.0.25,868,8,266,1,868
/10.0.0.1,/10.0.0.25,868,8,331,2,868
/10.0.0.1,/10.0.0.25,869,8,334,1,869
/10.0.0.1,/10.0.0.25,869,8,400,2,869
/10.0.0.1,/10.0.0.25,870,8,261,1,870
/10.0.0.1,/10.0.0.25,870,8,326,2,870
/10.0.0.1,/10.0.0.25,871,8,268,1,871
/10.0.0.1,/10.0.0.25,871,8,335,2,871
/10.0.0.1,/10.0.0.25,872,8,320,1,872
/10.0.0.1,/10.0.0.25,872,8,388,2,872
/10.0.0.1,/10.0.0.25,873,8,264,1,873
/10.0.0.1,/10.0.0.25,873,8,331,2,873
/10.0.0.1,/10.0.0.25,874,8,295,1,874
/10.0.0.1,/10.0.0.25,874,8,366,2,874
/10.0.0.1,/10.0.0.25,875,8,271,1,875
/10.0.0.1,/10.0.0.25,875,8,337,2,875
/10.0.0.1,/10.0.0.25,876,8,256,1,876
/10.0.0.1,/10.0.0.25,876,8,334,2,876
/10.0.0.1,/10.0.0.25,877,8,263,1,877
/10.0.0.1,/10.0.0.25,877,8,335,2,877
/10.0.0.1,/10.0.0.25,878,8,265,1,878
/10.0.0.1,/10.0.0.25,878,8,339,2,878
/10.0.0.1,/10.0.0.25,879,8,261,1,879
/10.0.0.1,/10.0.0.25,879,8,338,2,879
/10.0.0.1,/10.0.0.25,880,8,252,1,880
/10.0.0.1,/10.0.0.25,880,8,319,2,880
/10.0.0.1,/10.0.0.25,881,8,266,1,881
/10.0.0.1,/10.0.0.25,881,8,335,2,881
/10.0.0.1,/10.0.0.25,882,8,254,1,882
/10.0.0.1,/10.0.0.25,882,8,320,2,882
/10.0.0.1,/10.0.0.25,883,8,267,1,883
/10.0.0.1,/10.0.0.25,883,8,332,2,883
/10.0.0.1,/10.0.0.25,884,8,245,1,884
/10.0.0.1,/10.0.0.25,884,8,311,2,884
/10.0.0.1,/10.0.0.25,885,8,254,1,885
/10.0.0.1,/10.0.0.25,885,8,329,2,885
/10.0.0.1,/10.0.0.25,886,8,266,1,886
/10.0.0.1,/10.0.0.25,886,8,332,2,886
/10.0.0.1,/10.0.0.25,887,8,251,1,887
/10.0.0.1,/10.0.0.25,887,8,318,2,887
/10.0.0.1,/10.0.0.25,888,8,303,1,888
/10.0.0.1,/10.0.0.25,888,8,369,2,888
/10.0.0.1,/10.0.0.25,889,8,254,1,889
/10.0.0.1,/10.0.0.25,889,8,319,2,889
/10.0.0.1,/10.0.0.25,890,8,285,1,890
/10.0.0.1,/10.0.0.25,890,8,353,2,890
/10.0.0.1,/10.0.0.25,891,8,319,1,891
/10.0.0.1,/10.0.0.25,891,8,387,2,891
/10.0.0.1,/10.0.0.25,892,8,266,1,892
/10.0.0.1,/10.0.0.25,892,8,334,2,892
/10.0.0.1,/10.0.0.25,893,8,287,1,893
/10.0.0.1,/10.0.0.25,893,8,354,2,893
/10.0.0.1,/10.0.0.25,894,8,255,1,894
/10.0.0.1,/10.0.0.25,894,8,336,2,894
/10.0.0.1,/10.0.0.25,895,8,240,1,895
/10.0.0.1,/10.0.0.25,895,8,309,2,895
/10.0.0.1,/10.0.0.25,896,8,356,1,896
/10.0.0.1,/10.0.0.25,896,8,421,2,896
/10.0.0.1,/10.0.0.25,897,8,290,1,897
/10.0.0.1,/10.0.0.25,897,8,356,2,897
/10.0.0.1,/10.0.0.25,898,8,263,1,898
/10.0.0.1,/10.0.0.25,898,8,332,2,898
/10.0.0.1,/10.0.0.25,899,8,272,1,899
/10.0.0.1,/10.0.0.25,899,8,337,2,899
/10.0.0.1,/10.0.0.25,900,8,285,1,900
/10.0.0.1,/10.0.0.25,900,8,351,2,900
/10.0.0.1,/10.0.0.25,901,8,275,1,901
/10.0.0.1,/10.0.0.25,901,8,340,2,901
/10.0.0.1,/10.0.0.25,902,8,293,1,902
/10.0.0.1,/10.0.0.25,902,8,360,2,902
/10.0.0.1,/10.0.0.25,903,8,302,1,903
/10.0.0.1,/10.0.0.25,903,8,368,2,903
/10.0.0.1,/10.0.0.25,904,8,302,1,904
/10.0.0.1,/10.0.0.25,904,8,368,2,904
/10.0.0.1,/10.0.0.25,905,8,275,1,905
/10.0.0.1,/10.0.0.25,905,8,341,2,905
/10.0.0.1,/10.0.0.25,906,8,313,1,906
/10.0.0.1,/10.0.0.25,906,8,380,2,906
/10.0.0.1,/10.0.0.25,907,8,269,1,907
/10.0.0.1,/10.0.0.25,907,8,335,2,907
/10.0.0.1,/10.0.0.25,908,8,259,1,908
/10.0.0.1,/10.0.0.25,908,8,326,2,908
/10.0.0.1,/10.0.0.25,909,8,297,1,909
/10.0.0.1,/10.0.0.25,909,8,364,2,909
/10.0.0.1,/10.0.0.25,910,8,242,1,910
/10.0.0.1,/10.0.0.25,910,8,328,2,910
/10.0.0.1,/10.0.0.25,911,8,270,1,911
/10.0.0.1,/10.0.0.25,911,8,343,2,911
/10.0.0.1,/10.0.0.25,912,8,270,1,912
/10.0.0.1,/10.0.0.25,912,8,337,2,912
/10.0.0.1,/10.0.0.25,913,8,272,1,913
/10.0.0.1,/10.0.0.25,913,8,345,2,913
/10.0.0.1,/10.0.0.25,914,8,267,1,914
/10.0.0.1,/10.0.0.25,914,8,338,2,914
/10.0.0.1,/10.0.0.25,915,8,267,1,915
/10.0.0.1,/10.0.0.25,915,8,332,2,915
/10.0.0.1,/10.0.0.25,916,8,278,1,916
/10.0.0.1,/10.0.0.25,916,8,359,2,916
/10.0.0.1,/10.0.0.25,917,8,281,1,917
/10.0.0.1,/10.0.0.25,917,8,346,2,917
/10.0.0.1,/10.0.0.25,918,8,281,1,918
/10.0.0.1,/10.0.0.25,918,8,348,2,918
/10.0.0.1,/10.0.0.25,919,8,292,1,919
/10.0.0.1,/10.0.0.25,919,8,358,2,919
/10.0.0.1,/10.0.0.25,920,8,275,1,920
/10.0.0.1,/10.0.0.25,920,8,342,2,920
/10.0.0.1,/10.0.0.25,921,8,270,1,921
/10.0.0.1,/10.0.0.25,921,8,337,2,921
/10.0.0.1,/10.0.0.25,922,8,309,1,922
/10.0.0.1,/10.0.0.25,922,8,376,2,922
/10.0.0.1,/10.0.0.25,923,8,261,1,923
/10.0.0.1,/10.0.0.25,923,8,328,2,923
/10.0.0.1,/10.0.0.25,924,8,263,1,924
/10.0.0.1,/10.0.0.25,924,8,331,2,924
/10.0.0.1,/10.0.0.25,925,8,255,1,925
/10.0.0.1,/10.0.0.25,925,8,338,2,925
/10.0.0.1,/10.0.0.25,926,8,276,1,926
/10.0.0.1,/10.0.0.25,926,8,346,2,926
/10.0.0.1,/10.0.0.25,927,8,265,1,927
/10.0.0.1,/10.0.0.25,927,8,333,2,927
/10.0.0.1,/10.0.0.25,928,8,261,1,928
/10.0.0.1,/10.0.0.25,928,8,328,2,928
/10.0.0.1,/10.0.0.25,929,8,265,1,929
/10.0.0.1,/10.0.0.25,929,8,332,2,929
/10.0.0.1,/10.0.0.25,930,8,304,1,930
/10.0.0.1,/10.0.0.25,930,8,376,2,930
/10.0.0.1,/10.0.0.25,931,8,281,1,931
/10.0.0.1,/10.0.0.25,931,8,347,2,931
/10.0.0.1,/10.0.0.25,932,8,304,1,932
/10.0.0.1,/10.0.0.25,932,8,370,2,932
/10.0.0.1,/10.0.0.25,933,8,295,1,933
/10.0.0.1,/10.0.0.25,933,8,362,2,933
/10.0.0.1,/10.0.0.25,934,8,304,1,934
/10.0.0.1,/10.0.0.25,934,8,370,2,934
/10.0.0.1,/10.0.0.25,935,8,290,1,935
/10.0.0.1,/10.0.0.25,935,8,356,2,935
/10.0.0.1,/10.0.0.25,936,8,309,1,936
/10.0.0.1,/10.0.0.25,936,8,376,2,936
/10.0.0.1,/10.0.0.25,937,8,264,1,937
/10.0.0.1,/10.0.0.25,937,8,332,2,937
/10.0.0.1,/10.0.0.25,938,8,269,1,938
/10.0.0.1,/10.0.0.25,938,8,336,2,938
/10.0.0.1,/10.0.0.25,939,8,272,1,939
/10.0.0.1,/10.0.0.25,939,8,337,2,939
/10.0.0.1,/10.0.0.25,940,8,255,1,940
/10.0.0.1,/10.0.0.25,940,8,332,2,940
/10.0.0.1,/10.0.0.25,941,8,260,1,941
/10.0.0.1,/10.0.0.25,941,8,345,2,941
/10.0.0.1,/10.0.0.25,942,8,242,1,942
/10.0.0.1,/10.0.0.25,942,8,307,2,942
/10.0.0.1,/10.0.0.25,943,8,254,1,943
/10.0.0.1,/10.0.0.25,943,8,319,2,943
/10.0.0.1,/10.0.0.25,944,8,270,1,944
/10.0.0.1,/10.0.0.25,944,8,336,2,944
/10.0.0.1,/10.0.0.25,945,8,264,1,945
/10.0.0.1,/10.0.0.25,945,8,330,2,945
/10.0.0.1,/10.0.0.25,946,8,269,1,946
/10.0.0.1,/10.0.0.25,946,8,335,2,946
/10.0.0.1,/10.0.0.25,947,8,255,1,947
/10.0.0.1,/10.0.0.25,947,8,321,2,947
/10.0.0.1,/10.0.0.25,948,8,294,1,948
/10.0.0.1,/10.0.0.25,948,8,360,2,948
/10.0.0.1,/10.0.0.25,949,8,287,1,949
/10.0.0.1,/10.0.0.25,949,8,353,2,949
/10.0.0.1,/10.0.0.25,950,8,274,1,950
/10.0.0.1,/10.0.0.25,950,8,342,2,950
/10.0.0.1,/10.0.0.25,951,8,260,1,951
/10.0.0.1,/10.0.0.25,951,8,326,2,951
/10.0.0.1,/10.0.0.25,952,8,302,1,952
/10.0.0.1,/10.0.0.25,952,8,369,2,952
/10.0.0.1,/10.0.0.25,953,8,266,1,953
/10.0.0.1,/10.0.0.25,953,8,331,2,953
/10.0.0.1,/10.0.0.25,954,8,260,1,954
/10.0.0.1,/10.0.0.25,954,8,324,2,954
/10.0.0.1,/10.0.0.25,955,8,253,1,955
/10.0.0.1,/10.0.0.25,955,8,328,2,955
/10.0.0.1,/10.0.0.25,956,8,266,1,956
/10.0.0.1,/10.0.0.25,956,8,336,2,956
/10.0.0.1,/10.0.0.25,957,8,251,1,957
/10.0.0.1,/10.0.0.25,957,8,320,2,957
/10.0.0.1,/10.0.0.25,958,8,286,1,958
/10.0.0.1,/10.0.0.25,958,8,354,2,958
/10.0.0.1,/10.0.0.25,959,8,290,1,959
/10.0.0.1,/10.0.0.25,959,8,362,2,959
/10.0.0.1,/10.0.0.25,960,8,260,1,960
/10.0.0.1,/10.0.0.25,960,8,327,2,960
/10.0.0.1,/10.0.0.25,961,8,266,1,961
/10.0.0.1,/10.0.0.25,961,8,332,2,961
/10.0.0.1,/10.0.0.25,962,8,271,1,962
/10.0.0.1,/10.0.0.25,962,8,336,2,962
/10.0.0.1,/10.0.0.25,963,8,249,1,963
/10.0.0.1,/10.0.0.25,963,8,316,2,963
/10.0.0.1,/10.0.0.25,964,8,280,1,964
/10.0.0.1,/10.0.0.25,964,8,347,2,964
/10.0.0.1,/10.0.0.25,965,8,298,1,965
/10.0.0.1,/10.0.0.25,965,8,365,2,965
/10.0.0.1,/10.0.0.25,966,8,301,1,966
/10.0.0.1,/10.0.0.25,966,8,367,2,966
/10.0.0.1,/10.0.0.25,967,8,269,1,967
/10.0.0.1,/10.0.0.25,967,8,334,2,967
/10.0.0.1,/10.0.0.25,968,8,283,1,968
/10.0.0.1,/10.0.0.25,968,8,349,2,968
/10.0.0.1,/10.0.0.25,969,8,257,1,969
/10.0.0.1,/10.0.0.25,969,8,322,2,969
/10.0.0.1,/10.0.0.25,970,8,268,1,970
/10.0.0.1,/10.0.0.25,970,8,337,2,970
/10.0.0.1,/10.0.0.25,971,8,262,1,971
/10.0.0.1,/10.0.0.25,971,8,334,2,971
/10.0.0.1,/10.0.0.25,972,8,274,1,972
/10.0.0.1,/10.0.0.25,972,8,341,2,972
/10.0.0.1,/10.0.0.25,973,8,255,1,973
/10.0.0.1,/10.0.0.25,973,8,340,2,973
/10.0.0.1,/10.0.0.25,974,8,266,1,974
/10.0.0.1,/10.0.0.25,974,8,333,2,974
/10.0.0.1,/10.0.0.25,975,8,271,1,975
/10.0.0.1,/10.0.0.25,975,8,338,2,975
/10.0.0.1,/10.0.0.25,976,8,275,1,976
/10.0.0.1,/10.0.0.25,976,8,343,2,976
/10.0.0.1,/10.0.0.25,977,8,280,1,977
/10.0.0.1,/10.0.0.25,977,8,348,2,977
/10.0.0.1,/10.0.0.25,978,8,264,1,978
/10.0.0.1,/10.0.0.25,978,8,331,2,978
/10.0.0.1,/10.0.0.25,979,8,299,1,979
/10.0.0.1,/10.0.0.25,980,8,276,1,980
/10.0.0.1,/10.0.0.25,980,8,343,2,980
/10.0.0.1,/10.0.0.25,981,8,302,1,981
/10.0.0.1,/10.0.0.25,981,8,368,2,981
/10.0.0.1,/10.0.0.25,982,8,274,1,982
/10.0.0.1,/10.0.0.25,982,8,340,2,982
/10.0.0.1,/10.0.0.25,983,8,262,1,983
/10.0.0.1,/10.0.0.25,983,8,328,2,983
/10.0.0.1,/10.0.0.25,984,8,287,1,984
/10.0.0.1,/10.0.0.25,984,8,353,2,984
/10.0.0.1,/10.0.0.25,985,8,262,1,985
/10.0.0.1,/10.0.0.25,985,8,329,2,985
/10.0.0.1,/10.0.0.25,986,8,260,1,986
/10.0.0.1,/10.0.0.25,986,8,343,2,986
/10.0.0.1,/10.0.0.25,987,8,253,1,987
/10.0.0.1,/10.0.0.25,987,8,319,2,987
/10.0.0.1,/10.0.0.25,988,8,308,1,988
/10.0.0.1,/10.0.0.25,988,8,373,2,988
/10.0.0.1,/10.0.0.25,989,8,298,1,989
/10.0.0.1,/10.0.0.25,989,8,364,2,989
/10.0.0.1,/10.0.0.25,990,8,281,1,990
/10.0.0.1,/10.0.0.25,990,8,347,2,990
/10.0.0.1,/10.0.0.25,991,8,281,1,991
/10.0.0.1,/10.0.0.25,991,8,348,2,991
/10.0.0.1,/10.0.0.25,992,8,286,1,992
/10.0.0.1,/10.0.0.25,992,8,354,2,992
/10.0.0.1,/10.0.0.25,993,8,298,1,993
/10.0.0.1,/10.0.0.25,993,8,366,2,993
/10.0.0.1,/10.0.0.25,994,8,271,1,994
/10.0.0.1,/10.0.0.25,994,8,338,2,994
/10.0.0.1,/10.0.0.25,995,8,302,1,995
/10.0.0.1,/10.0.0.25,995,8,371,2,995
/10.0.0.1,/10.0.0.25,996,8,309,1,996
/10.0.0.1,/10.0.0.25,996,8,376,2,996
/10.0.0.1,/10.0.0.25,997,8,269,1,997
/10.0.0.1,/10.0.0.25,997,8,337,2,997
/10.0.0.1,/10.0.0.25,998,8,262,1,998
/10.0.0.1,/10.0.0.25,998,8,331,2,998
/10.0.0.1,/10.0.0.25,999,8,274,1,999
/10.0.0.1,/10.0.0.25,999,8,342,2,999
/10.0.0.1,/10.0.0.25,1000,8,291,1,1000
/10.0.0.1,/10.0.0.25,1000,8,359,2,1000
